Year,Month,NAO,EA,WP,EP_NP,PNA,EA/WR,SCA_TNH,POL_PT,Expl. Var.,,
1950,1,0.56,-2.71,-1.69,0.91,-3.65,2.29,0.78  0.55,-100.61,86,,
1950,2,0.01,0.66,-1.36,-1.13,-1.69,-0.57,-2.01,1.25-99.90,58.6,,
1950,3,-0.78,0.82,-0.38,-0.02,-0.06,-1.8,-100.12,0.78-99.90,54.3,,
1950,4,0.65,0.28,-0.5,-1.87,-0.23,-2.5,0.46-99.90,0.10-99.90,64.8,,
1950,5,-0.5,-0.51,0.23,-0.98,-0.4,1.41,0.28-99.90,0.55-99.90,49.6,,
1950,6,0.25,1.24,1.31,-0.47,-1.99,1.27,0.19-99.90,0.65-99.90,42.3,,
1950,7,-1.23,0.58,1.8,1.38,-0.82,3.01,0.86-99.90,-100.43,71.6,,
1950,8,-0.19,-0.54,1.08,1.87,0.79,0.52,1.35-99.90,-1.03  1.40,42.8,,
1950,9,0.39,0.14,1.36,0.98,-1,-0.32,-101.33,-1.69  0.77,53.3,,
1950,10,1.43,-1.29,1.45,-0.88,0.7,0.04,0.31-99.90,-100.7,58.8,,
1950,11,-1.46,-0.18,-0.37,-0.39,-1.74,-1.72,1.20-99.90,0.95-99.90,88.3,,
1950,12,-1.03,-2.48,0.07,-99.9,-0.28,-2.31,0.77 -0.94,0.74-99.90,89.4,,
1951,1,-0.42,-1.47,-0.07,-0.81,-1.18,-0.74,0.23 -0.09,1.79-99.90,56.1,,
1951,2,0.35,-0.17,-0.58,-1.32,-2.11,-1.66,1.25 -1.30,1.23-99.90,54.1,,
1951,3,-1.47,-2.34,-0.29,0.2,-1.09,0.11,-100.81,-101.19,77.6,,
1951,4,-0.38,0.42,-0.19,0.02,0.47,-2.31,-100.67,-100.28,66.3,,
1951,5,-0.5,-1.13,0.7,-0.04,1.19,0.93,0.50-99.90,-100.09,40.2,,
1951,6,-1.35,-0.08,0.1,-0.62,-0.54,1.91,-99.92,1.32-99.90,68.9,,
1951,7,1.39,-0.58,0.88,0.98,-0.44,-0.86,-101.47,0.47-99.90,44.5,,
1951,8,-0.41,0.69,0.73,0.41,0.02,-3.26,1.53-99.90,0.17 -0.92,54.8,,
1951,9,-1.18,0.56,-3.45,1.42,-0.08,-0.26,-100.72,-0.80  0.57,59.2,,
1951,10,2.54,-0.68,-0.47,-0.11,0.43,0.59,0.78-99.90,-100.18,55.2,,
1951,11,-0.54,0.11,0.62,0.62,0.21,0.48,0.43-99.90,2.32-99.90,40.5,,
1951,12,1.13,0.21,0.2,-99.9,-1.59,0.04,-0.71  0.58,0.47-99.90,69,,
1952,1,0.57,-2.26,1.43,1.59,-3.19,-1.07,-0.71,-100.17,85.2,,
1952,2,-1.38,-1.84,0.88,-1.09,0.08,-1.46,-0.75  0.07,0.02-99.90,76.7,,
1952,3,-1.97,0.26,0.06,-2.13,-0.69,0.16,-100.29,0.25-99.90,61.6,,
1952,4,0.95,0.95,0.28,-2.44,0.89,0.12,1.01-99.90,0.13-99.90,66.2,,
1952,5,-0.99,-0.18,0.93,0.06,-0.79,0.24,-100.28,-100.71,24.1,,
1952,6,-0.1,-0.14,1.08,-0.25,0.53,-0.4,-100.46,-101.51,30.4,,
1952,7,-0.06,0.52,-1.02,1.3,-1.57,-1.26,0.16-99.90,0.94-99.90,45.5,,
1952,8,-0.49,-0.16,-1.43,1.35,0.77,-0.95,-100.89,1.26 -0.24,45.4,,
1952,9,-0.38,-2.13,-1.94,0.35,0.4,-1.68,-100.6,-0.77  0.87,54.6,,
1952,10,-0.28,-0.54,1.39,1.1,1.05,-0.42,1.78-99.90,0.16-99.90,51.2,,
1952,11,-1.32,-1.43,0.61,-0.62,0.77,-1.55,1.24-99.90,-99.95,69.4,,
1952,12,-0.49,-1.31,0.71,-99.9,0.63,-0.26,0.85 -1.89,0.61-99.90,76,,
1953,1,-0.12,-2.69,-1.24,0.24,0.18,0.84,-0.83,-99.96,68.6,,
1953,2,-1,-1.34,1.38,-1.51,1.04,-0.25,-0.61  1.04,1.09-99.90,84.1,,
1953,3,-0.45,-1.02,0.58,-2.29,-0.44,1.73,-101.06,2.08-99.90,75.5,,
1953,4,-1.96,-0.02,-1.86,-0.07,0.78,-1.66,-100.09,-99.91,63.8,,
1953,5,-0.56,-1.54,-0.51,-0.63,1.14,0.09,-100.43,-100.71,58,,
1953,6,1.41,-1.32,-0.57,3.88,-1.6,-0.71,1.60-99.90,-101.63,55.8,,
1953,7,0.43,0.74,-1.1,0.99,0.27,-0.71,-101.48,-100.32,45.6,,
1953,8,-1.04,0.01,1.04,-0.54,-1.15,-1.41,0.32-99.90,-1.89,41.9,,
1953,9,-0.19,-0.24,-0.86,0.12,-0.14,0.58,0.24-99.90,1.25  0.57,52.3,,
1953,10,1.95,-0.43,0.36,-0.52,2.27,0,1.23-99.90,-100.48,50.1,,
1953,11,0.96,0.18,-0.44,-2.15,1.57,0.16,0.02-99.90,-101.35,78,,
1953,12,-0.52,-1.05,0.84,-99.9,0.96,0.73,1.03  1.40,1.36-99.90,70.3,,
1954,1,-0.08,-2.49,-0.26,0.6,-2.11,0.52,0.77 -0.30,0.55-99.90,56,,
1954,2,0.4,-1.02,-0.67,-1.75,-0.48,0.03,1.63 -1.40,0.95-99.90,69.6,,
1954,3,-1.27,-0.46,0.66,1.51,-1.44,0.48,0.38-99.90,2.58-99.90,87.3,,
1954,4,1.31,-2.77,-0.53,0.08,-2.86,-0.29,-100.44,-101.34,78.8,,
1954,5,-0.03,-0.79,1.39,0.2,0.65,-2.13,0.31-99.90,-101.85,71,,
1954,6,0.06,-0.69,-1.63,-1.64,0.09,0.58,0.20-99.90,-100.96,54,,
1954,7,-0.57,-0.3,-0.34,-1.79,-0.14,-1.5,0.52-99.90,-101.27,75.5,,
1954,8,-2.57,-0.57,1.89,0.83,-0.11,0.29,-100.35,-0.94,63.2,,
1954,9,-0.28,0.64,0.94,0.31,-0.04,-1.04,-100.85,0.23 -1.26,58.4,,
1954,10,1.16,-0.62,-2.15,-0.53,0.99,0.34,-100.49,-100.36,67.4,,
1954,11,0.29,-0.27,-0.88,-0.48,1.38,-0.51,1.15-99.90,0.79-99.90,74.8,,
1954,12,0.55,-1.6,-1.42,-99.9,-0.82,-0.58,3.06 -1.18,3.08-99.90,73.2,,
1955,1,-2.65,-0.24,0.4,-1.32,-0.14,-0.79,-1.36  0.40,1.39-99.90,68.7,,
1955,2,-1.71,0.03,-0.66,-1.71,-2.62,-1.69,-0.96,-100.16,71.3,,
1955,3,-0.96,-1.37,0.51,-0.13,-2.47,0.25,-100.11,-101.03,70.8,,
1955,4,-0.6,-1.52,1.18,-1.35,-0.24,-0.01,-100.04,0.43-99.90,53.2,,
1955,5,-0.26,0.51,-0.26,-1.61,-0.42,0.92,-101.17,-99.99,56.9,,
1955,6,-0.8,-1.3,0.7,-2.84,0.11,1.43,0.22-99.90,-101.26,58.3,,
1955,7,1.78,-1.52,1.72,-1.49,-1.32,0.55,1.81-99.90,0.19-99.90,60.7,,
1955,8,1.25,-0.75,-1.19,0.61,-0.55,1.44,2.42-99.90,0.54  0.92,59.1,,
1955,9,0.46,0.1,1.29,-0.15,-0.22,-1.21,0.64-99.90,-2.09,46.3,,
1955,10,-1.09,-2.29,1.2,-1.09,0.51,-0.39,-99.99,0.64-99.90,72.4,,
1955,11,-1.49,-1.89,-1.13,-0.37,-0.93,0.62,-100.16,1.00-99.90,70.2,,
1955,12,0.07,0.35,-1.28,-99.9,-2.37,0.73,-1.82,0.14-99.90,72.2,,
1956,1,-0.76,-2.27,-2.87,-0.39,-2.34,-0.74,-3.49,-99.94,82.6,,
1956,2,-1.71,-2.61,-1.65,-1.99,-1.69,-0.89,0.46  0.61,0.24-99.90,79.4,,
1956,3,-0.46,-0.39,0.11,-1.13,-0.97,0.33,0.90-99.90,1.53-99.90,59.8,,
1956,4,-1.3,-1.35,0.73,0.29,-0.17,-0.08,0.25-99.90,-100.6,59.7,,
1956,5,2.1,-0.2,2,-0.05,-0.17,0.61,-100.72,0.30-99.90,47.3,,
1956,6,0.41,-0.66,-0.81,-1.95,-0.08,-1.47,0.66-99.90,-100.43,71.3,,
1956,7,-0.72,-0.45,0.58,0.48,-1.28,1.13,-100.03,-102.27,42.3,,
1956,8,-1.89,-1.41,0.5,1.92,-0.23,-0.16,-100.35,-0.96  1.40,76.7,,
1956,9,0.38,-0.42,-0.38,0.98,0.42,2.61,1.11-99.90,0.52 -0.74,47.9,,
1956,10,1.47,-1.82,1.65,-1.43,-2.16,0.53,0.27-99.90,0.36-99.90,80.5,,
1956,11,0.4,-2.9,-1.3,-0.82,1,-1.51,-100.55,-101.03,53.1,,
1956,12,0,-0.96,-2.76,-99.9,-0.61,0.38,2.25  0.88,0.42-99.90,87.5,,
1957,1,0.71,-0.93,-0.47,1.42,-2.18,0.69,0.75  1.65,0.91-99.90,74.3,,
1957,2,-0.32,0.7,-1.96,-0.98,-1.89,-1.73,-0.92  0.18,-102.17,75,,
1957,3,-1.73,0.11,-1.42,-0.56,0.78,0.45,-100.17,-100.27,71.1,,
1957,4,0.39,-1.38,0.52,0.26,-0.41,-0.48,0.83-99.90,0.07-99.90,33.3,,
1957,5,-0.68,-1.72,0.46,0.85,1.24,-1.42,0.08-99.90,-100,81.7,,
1957,6,-0.42,0.11,-2,1.71,0.24,2.45,-100.54,-100.78,75.6,,
1957,7,-1.16,-1.34,-0.73,-1.03,-0.11,-0.54,0.63-99.90,-102.25,68.1,,
1957,8,-0.83,-1.3,1.87,0.49,-0.99,-1.81,-100.12,-1.67,53.9,,
1957,9,-1.47,-1.39,-1.76,1.78,-0.22,-1.79,-100.7,-0.27,59.5,,
1957,10,1.95,-0.42,1.13,0.84,0.46,0.57,-101.21,-100.91,52.5,,
1957,11,0.63,-1.89,-0.49,0.6,0.49,1.15,0.56-99.90,-100.76,72,,
1957,12,0.02,-1.97,1.11,-99.9,-0.73,0.46,-0.54,0.69-99.90,57.2,,
1958,1,-1.14,-1.48,0.26,-0.38,0.62,-0.21,-2.16,-100.28,73.1,,
1958,2,-1.64,0.61,-1.33,0.13,0.36,-0.14,-1.71,-100.16,64.3,,
1958,3,-2.46,-1.02,0.76,0.45,0.18,2.15,0.28-99.90,-100.3,81.9,,
1958,4,0.26,-1.21,0.89,0.73,0.31,0.38,1.31-99.90,0.26-99.90,57.6,,
1958,5,-0.17,1.17,1.91,0.11,0.66,-0.24,-100.24,0.07-99.90,24.3,,
1958,6,-1.08,1.14,1.51,3,1.48,0.38,0.31-99.90,0.97-99.90,63.5,,
1958,7,-1.69,-0.56,1.62,1.51,0.74,2.08,-100.23,0.02-99.90,69.3,,
1958,8,-2.13,0.29,-0.16,0.14,2.13,-0.81,0.75-99.90,1.72  1.19,57,,
1958,9,0.08,1.27,-1.67,-0.13,-0.05,3.31,1.48-99.90,0.58  0.16,79.3,,
1958,10,0.68,-0.7,1.16,-0.29,0.34,0.55,0.73-99.90,1.26-99.90,35.9,,
1958,11,1.59,-2.13,1.34,0.73,0.08,0.56,0.48-99.90,-100.35,50.7,,
1958,12,-0.74,-0.3,-0.24,-99.9,0.35,-0.08,-0.60  0.51,-101.63,54.6,,
1959,1,-1.52,-0.72,-0.91,1.62,-1.54,-0.87,-0.65  0.00,-99.99,53.5,,
1959,2,0.33,-0.55,0.74,0.04,-1.23,2.2,0.23  1.21,1.99-99.90,85.7,,
1959,3,-0.56,2.68,-0.51,-2.03,0.21,0.39,0.46-99.90,1.84-99.90,82.9,,
1959,4,0.25,0.48,-0.05,0.22,-0.9,-0.07,0.26-99.90,-100.84,31,,
1959,5,0.41,-1.84,-0.64,0.3,-0.3,-0.12,0.73-99.90,-100.79,69,,
1959,6,0.71,0.12,-1.05,1.19,1.08,0.82,-100.12,-101.12,54.9,,
1959,7,0.77,-0.03,-0.72,-0.14,-0.45,0.57,0.00-99.90,-100.37,62.6,,
1959,8,-0.05,-1.89,-1.67,0.34,1.03,1.03,0.99-99.90,-2.31,84.3,,
1959,9,1,-0.57,-1.58,-0.43,1.19,3.68,0.19-99.90,-0.79,72.3,,
1959,10,1.48,0.23,-1.99,1.03,0.23,1.84,2.38-99.90,-100.71,71,,
1959,11,0.3,-1.16,-1.31,1.43,0.26,-0.88,2.04-99.90,-100.13,82.3,,
1959,12,0.32,0.49,0.62,-99.9,0.36,-1.02,2.29 -0.74,2.33-99.90,68.1,,
1960,1,-2.01,-0.22,-0.03,-0.76,-0.16,0.06,0.06  0.23,-101.32,55.1,,
1960,2,-2.59,0.99,0.54,0.52,-0.22,0.15,-0.87,0.08-99.90,69.1,,
1960,3,-0.93,0.09,-1.48,0.12,-0.69,3.27,1.75-99.90,0.20-99.90,71.9,,
1960,4,1.33,-1.89,-0.21,-0.39,-0.07,-0.6,0.93-99.90,-100.39,67.3,,
1960,5,0.47,-0.68,-0.1,-0.74,0.99,-1.3,0.47-99.90,-101.18,65.7,,
1960,6,0.1,0.42,0.45,-0.71,1.2,0.02,0.16-99.90,-100.35,48.8,,
1960,7,0.38,-0.29,0.02,0.65,1.11,0.86,1.55-99.90,-102.84,66.2,,
1960,8,-1.93,-0.34,0.6,-0.08,1.85,1.58,1.81-99.90,-1.27,72.6,,
1960,9,0.53,-0.39,0.4,0.02,-0.01,-0.81,1.41-99.90,-1.09  0.18,73.2,,
1960,10,-1.37,-1.05,0.84,0.38,0.48,0.59,2.09-99.90,0.45-99.90,65.4,,
1960,11,-0.67,0.98,-0.51,-0.4,-0.52,0.81,1.44-99.90,0.33-99.90,56.6,,
1960,12,-0.03,-2.47,0.08,-99.9,1.15,-1.97,0.48  1.15,-99.97,76.9,,
1961,1,-0.03,-0.44,-0.61,1.09,1.16,-0.52,1.21 -0.15,0.37-99.90,60,,
1961,2,0.07,0.75,-1.26,-1.5,0.17,0.19,-0.81,1.23-99.90,61,,
1961,3,0.17,-0.45,-0.16,-1.47,0.28,-0.62,-101.54,0.12-99.90,70.2,,
1961,4,-1.83,1.52,0.37,0.6,-1.14,1.25,-100.24,-100.49,75,,
1961,5,-0.28,-0.72,1.44,0.26,-0.25,-0.38,0.41-99.90,1.04-99.90,29.6,,
1961,6,1.17,1.83,1.47,-0.61,1.84,-1.36,0.65-99.90,-100.39,65.8,,
1961,7,-0.36,-0.74,2.13,-0.76,-0.52,0.36,0.35-99.90,-101.97,72.4,,
1961,8,1.03,-0.16,0.88,0.31,0.47,0.69,0.14-99.90,-1.70  0.91,65.6,,
1961,9,1.36,0.64,1.09,-0.91,1.1,1.78,1.38-99.90,0.18 -1.98,85.1,,
1961,10,1.07,-0.73,0.69,-0.75,-1.94,-1.05,2.75-99.90,0.02-99.90,93.1,,
1961,11,-0.79,-1.25,0.14,-1.92,-0.4,-0.16,0.50-99.90,1.46-99.90,56.1,,
1961,12,-1.46,0.95,-2.92,-99.9,-1.54,-0.26,0.25 -1.57,2.11-99.90,86.6,,
1962,1,0.2,0.36,-1.92,0.74,-0.74,-0.62,-0.53  1.24,1.78-99.90,67,,
1962,2,0.18,-2.01,-0.13,1.66,-0.54,-0.12,-0.64  0.59,0.83-99.90,63,,
1962,3,-2.99,-1.26,-0.3,0.25,-0.71,-0.33,-100.82,-100.79,74.4,,
1962,4,0.93,-0.52,-1.18,0.56,-1.5,-0.29,0.64-99.90,0.81-99.90,72.6,,
1962,5,-0.04,-1.05,0.24,0.26,-1.11,0.24,-101.15,0.30-99.90,68,,
1962,6,0.47,-0.72,2,0.26,-0.97,1.01,-99.99,-100.47,73.3,,
1962,7,-2.43,-1.4,1.13,0.16,-0.36,-0.42,-100.73,-100.05,73.7,,
1962,8,0.05,-0.41,1.6,-0.22,0.57,1.4,-100.86,-1.4,64.6,,
1962,9,-0.21,0.29,0.41,-0.15,-0.83,-0.13,-100.04,-0.38  0.71,63.9,,
1962,10,0.96,-0.94,0.62,0.1,1.33,1.19,-100.04,0.05-99.90,49,,
1962,11,-0.38,-1.98,0.16,-0.5,0.53,-2,1.21-99.90,-99.99,75.6,,
1962,12,-1.31,-1.88,-0.68,-99.9,-0.38,-0.08,-0.81,0.44-99.90,65,,
1963,1,-2.98,-2.76,-3.28,1,0.09,-0.09,-0.64  2.14,2.07-99.90,82.3,,
1963,2,-1.53,-0.07,-2.32,1.07,0.79,-1.07,-0.03,3.53-99.90,81.8,,
1963,3,-0.85,0.85,-0.93,-1.31,-2.04,2.08,-100.5,1.11-99.90,71.9,,
1963,4,-1.61,-1.04,0.96,-0.25,-0.79,-0.46,0.95-99.90,1.22-99.90,56.2,,
1963,5,2.05,-0.62,2.03,0.57,-0.95,-1.84,0.94-99.90,-100.13,87.4,,
1963,6,-0.13,-1.44,2.72,-2.46,0.5,0.97,0.98-99.90,-99.97,52.4,,
1963,7,-0.74,-0.76,1.99,-1.71,-1.1,0.85,0.77-99.90,0.96-99.90,66,,
1963,8,-0.95,-0.96,0.96,1.74,-1.01,-0.08,0.39-99.90,-1.98  0.55,54.8,,
1963,9,1.89,-0.66,-0.12,1.02,0.87,-0.77,0.46-99.90,0.49  1.30,64.6,,
1963,10,1.53,-0.99,1.47,-1.47,0.93,0.6,0.23-99.90,0.54-99.90,58.2,,
1963,11,-1.47,0.98,-1.45,-0.95,-0.31,0.51,0.02-99.90,1.29-99.90,61.8,,
1963,12,-1.87,-0.85,0.02,-99.9,1.46,0.18,-1.55  0.49,-100.46,75.4,,
1964,1,-1.62,-0.15,-0.16,-1.95,-0.44,2.14,0.38 -0.31,1.70-99.90,74.5,,
1964,2,-2.06,-0.33,0.01,-2.52,1.36,-0.23,-0.46  1.91,1.12-99.90,63.4,,
1964,3,-1.66,1.07,-0.29,-1.39,-1.31,1.42,1.17-99.90,2.01-99.90,64,,
1964,4,0.25,0.05,1.99,-2.03,-1.3,0.93,0.84-99.90,0.60-99.90,63,,
1964,5,0.53,0.72,0.19,0.33,-2.27,0.7,0.07-99.90,1.71-99.90,76.3,,
1964,6,1.61,0.21,-0.88,1.9,0.27,1.77,0.41-99.90,0.40-99.90,62.1,,
1964,7,1.92,-1.27,1.86,-2.58,0.2,0.36,-100.96,0.52-99.90,61.4,,
1964,8,-2.4,-1.35,1.23,0.78,0.83,3.04,0.26-99.90,-0.88  0.66,69,,
1964,9,0.34,0.26,0.46,0.16,0.92,0.8,-100.74,-1.47,54.5,,
1964,10,1.32,-1.35,1.41,0.17,0.8,-0.42,1.15-99.90,0.20-99.90,54,,
1964,11,-0.14,-0.67,-0.79,-0.74,-0.78,0.86,-100.93,-101.03,66,,
1964,12,-0.23,-2.98,-0.43,-99.9,-2.03,-0.27,1.16 -0.41,0.43-99.90,62.2,,
1965,1,-0.65,-1.83,-1,0.6,-0.92,-0.37,0.39  0.03,0.85-99.90,31.8,,
1965,2,-2.2,-2.32,-1.04,-0.93,-1.03,1.46,-0.21  0.65,-100.92,75.3,,
1965,3,-1.99,0.89,-1.17,2.23,-0.8,-1.84,-100.32,1.92-99.90,78.2,,
1965,4,0.64,-1.89,0.49,1.02,-1.07,0.67,0.29-99.90,0.57-99.90,55.1,,
1965,5,-0.52,-0.85,1.18,0.07,-0.42,2.95,-100.51,0.64-99.90,59.2,,
1965,6,0.6,-0.16,1.19,-1.56,1.89,1.33,0.14-99.90,0.62-99.90,27.7,,
1965,7,0.35,-1.71,2.64,0.75,-1.26,0.37,-101.26,-100.94,56.2,,
1965,8,0.45,-1.81,1.62,2.32,0.32,1.29,0.53-99.90,-1.55  0.24,54.9,,
1965,9,0.51,-0.54,-1.29,2.26,0.36,0.66,0.99-99.90,-3.74,76.2,,
1965,10,0.92,-1.49,1.57,0.85,1.42,3.08,1.67-99.90,1.60-99.90,57.8,,
1965,11,-1.88,-0.46,1.56,0.21,-0.81,-0.4,0.57-99.90,-101.72,69.8,,
1965,12,1.18,0.28,0.38,-99.9,-1.56,-1.13,0.95 -1.49,1.22-99.90,69.1,,
1966,1,-2.54,0.16,0.42,-0.36,-0.15,-0.49,0.33 -0.31,0.96-99.90,55.1,,
1966,2,-2.02,1.69,0.73,-0.55,-2.05,-0.02,-0.24,-101.18,68.6,,
1966,3,0.18,-2.42,-0.76,-0.94,0.43,1.5,-100.35,-100.45,60.2,,
1966,4,-0.96,0.73,0.08,1.96,-0.54,0.08,1.50-99.90,-100.63,58.8,,
1966,5,0.25,1.02,0.51,-0.67,-0.15,0.06,0.24-99.90,2.35-99.90,45.8,,
1966,6,1.37,-0.05,-1.03,0.23,0.1,0.84,1.25-99.90,0.68-99.90,51.6,,
1966,7,0.35,-1.74,2.82,-0.57,-1.18,-1.23,0.43-99.90,-100.43,67.5,,
1966,8,-2.39,-0.14,-0.34,0.63,1.26,1.87,0.23-99.90,0.79  1.49,50.3,,
1966,9,-0.29,-1.11,0.55,1.58,0.63,2.66,-101.63,0.76  0.99,57.7,,
1966,10,-0.23,-1.26,-0.96,0.46,-0.61,0.87,1.90-99.90,0.93-99.90,65.4,,
1966,11,-0.18,-1.11,0.95,0.74,-1.96,-2.94,1.00-99.90,0.72-99.90,76.9,,
1966,12,0.58,-1.96,-1.34,-99.9,-0.21,-0.61,3.15 -1.18,1.35-99.90,85.2,,
1967,1,-1.55,-0.95,0.86,-0.22,-1.16,0.34,0.19 -0.01,1.11-99.90,39.2,,
1967,2,-0.23,-0.22,0,-0.56,-0.2,-0.52,0.64  1.27,2.46-99.90,61.4,,
1967,3,1.18,-1.34,0.02,0.87,-2.25,-0.01,-100.63,-100.34,80.7,,
1967,4,0.05,-2.75,1.51,0.14,-1.91,-1.07,-101.02,1.63-99.90,78.5,,
1967,5,-0.87,0.9,-1.38,2.02,-0.8,-0.18,1.37-99.90,0.98-99.90,77.2,,
1967,6,1.72,-1.31,-0.4,0.88,-0.33,1.86,0.38-99.90,-100.23,46,,
1967,7,0.44,0.5,0.31,-0.12,-1.24,1.25,-101.62,-100.08,54.2,,
1967,8,1.73,-0.14,0.15,1.1,-0.35,-0.8,1.12-99.90,-1.24  2.00,69.2,,
1967,9,1.05,-1.03,0.01,0.35,0.11,0.83,1.21-99.90,-0.12  1.60,51.5,,
1967,10,0.59,0.59,-0.8,-0.24,1.1,-0.25,-101.48,1.47-99.90,64.7,,
1967,11,0.5,-0.84,-0.59,-0.03,-0.35,-1.66,1.36-99.90,2.19-99.90,60.1,,
1967,12,-0.51,-3.32,-0.56,-99.9,-1.12,0.4,-2.05,-100.52,68.4,,
1968,1,-0.36,-2.67,-2.08,-0.24,-1.78,0.62,-2,-100.78,78.1,,
1968,2,-1.91,-0.14,-3.18,-0.65,1.11,-1.26,-1.06,1.86-99.90,76.2,,
1968,3,0.02,-1.61,-0.04,0.05,0.13,2.16,-101.26,0.98-99.90,42.5,,
1968,4,-1.32,0.42,-0.91,-2.88,-1.11,-0.01,-100.1,-100.26,55.8,,
1968,5,-1.58,0.4,-0.93,1.07,0.23,0.16,0.74-99.90,1.62-99.90,79.4,,
1968,6,0.64,0.44,-1.19,-0.73,-0.08,1.26,1.01-99.90,1.50-99.90,40.8,,
1968,7,-0.77,-0.92,1.18,1.71,-0.04,2.57,0.87-99.90,0.28-99.90,57.5,,
1968,8,-0.97,-1.93,0.64,0.75,1.3,-0.46,0.57-99.90,1.26 -1.07,57.3,,
1968,9,-1.73,0.14,-0.72,-0.91,-0.87,0.11,0.97-99.90,-1.01,73.9,,
1968,10,-1.99,0.27,0.97,-0.33,0.45,1.59,-100.35,0.62-99.90,52.8,,
1968,11,-1.11,-0.28,-0.97,-0.16,0.83,2.2,1.56-99.90,0.40-99.90,68.5,,
1968,12,-1.39,-0.15,0.64,-99.9,-1.74,-0.58,1.06 -1.10,1.36-99.90,68.1,,
1969,1,-1.48,-1.7,-0.71,0.6,-2.96,0.17,1.49 -1.60,-101.45,79.2,,
1969,2,-2.2,-0.52,0.61,-0.58,-1.97,-2.12,1.41 -2.14,0.19-99.90,88.8,,
1969,3,-2.04,0.02,0.56,-0.02,0.47,1.61,0.52-99.90,1.19-99.90,71.4,,
1969,4,1.52,-1.37,1.58,0.32,0.48,0.56,0.28-99.90,0.60-99.90,58.2,,
1969,5,0.56,0.97,1.65,1,1.02,0.99,1.47-99.90,-100.62,68.7,,
1969,6,0.86,0.57,1.37,3.19,2.11,2.16,1.05-99.90,0.52-99.90,59.3,,
1969,7,0.6,-0.1,-0.61,-1.13,0.51,1.61,-102.05,-100.3,51.4,,
1969,8,-1.99,-1.82,-2.18,-0.14,-0.69,-0.21,1.44-99.90,-0.68  0.71,55.9,,
1969,9,2.17,-0.51,0.25,0.09,1.31,-0.68,-99.96,0.35  0.23,41.1,,
1969,10,1.23,0.54,0.32,1.67,0.55,2.33,-100.55,-100.74,53.7,,
1969,11,-1.14,-0.48,-0.36,-0.11,0.13,-2.27,-100.17,1.18-99.90,43.7,,
1969,12,-0.35,-2.81,0.57,-99.9,1.53,-0.96,1.20 -0.93,-99.96,84.8,,
1970,1,-2.26,1.25,-2.17,0.23,0.12,-0.14,0.84 -0.26,-99.96,81,,
1970,2,0.28,-0.17,0.01,0.61,1.01,-1.15,-0.45  0.24,-101.64,56.4,,
1970,3,-1.41,-0.7,-0.29,0.62,0.49,-4.17,1.11-99.90,-100.17,88.2,,
1970,4,-1.56,1.2,0.87,-0.45,-0.66,-0.18,-100.31,1.11-99.90,67.4,,
1970,5,1.11,-0.41,-0.15,-0.57,-0.5,-0.2,0.81-99.90,0.17-99.90,46.6,,
1970,6,1.87,-0.03,-0.13,-0.72,0.23,0.36,1.53-99.90,1.19-99.90,59.8,,
1970,7,0.13,-0.46,1,-1.42,0.74,1.15,-101.14,0.05-99.90,24.1,,
1970,8,0,-0.47,1.01,0.93,-0.6,2.4,2.24-99.90,-0.40  1.32,56.9,,
1970,9,0.06,0.41,-1.5,-0.27,-0.39,-0.12,-100.23,-1.61,57.1,,
1970,10,-0.49,-0.88,1.4,-0.72,-0.95,0.46,-100.47,0.53-99.90,50.3,,
1970,11,-0.76,0.58,0.5,-0.05,-1.15,-0.35,0.03-99.90,0.48-99.90,64.1,,
1970,12,-1.2,-1.89,0.57,-99.9,-1.09,0.81,0.73 -0.37,0.55-99.90,66.1,,
1971,1,-1.82,1.72,-2.51,0.05,-2.43,-1.57,-0.18  0.28,2.60-99.90,82.6,,
1971,2,-0.17,-1.26,-1.65,-1.99,-0.16,0.38,0.11 -0.22,-101.75,66.4,,
1971,3,-1.28,-1.59,-0.15,-0.22,-0.28,-0.32,0.30-99.90,0.42-99.90,49,,
1971,4,-0.41,-1.74,-0.08,-1.95,0.23,0.66,0.41-99.90,-100.71,55.5,,
1971,5,0.51,-0.43,0.76,-1.14,1.09,0.72,1.34-99.90,1.16-99.90,41.2,,
1971,6,-1.28,-0.71,1.64,-0.28,0.51,0.95,1.31-99.90,0.19-99.90,44.1,,
1971,7,0.27,-1.24,0.77,2.19,-1.74,0.02,0.00-99.90,0.19-99.90,60.3,,
1971,8,1.87,-1.68,-0.87,1.78,-0.81,1.67,0.18-99.90,-0.36  1.75,55.3,,
1971,9,0.53,-2.12,-0.48,-0.39,0.15,-0.3,-100.2,0.38 -0.98,64.9,,
1971,10,1.14,-0.2,0.86,-0.49,-1.35,1.94,-100.64,0.93-99.90,61.7,,
1971,11,-0.34,-1.9,0.31,-0.34,-0.26,-1.35,-101.33,1.43-99.90,62.6,,
1971,12,0.47,-2.07,0.45,-99.9,-1.76,1.63,0.44  0.33,-100.02,80.3,,
1972,1,-0.19,-0.97,-0.05,-0.46,-2.46,0.56,2.42  1.34,-100.4,79.2,,
1972,2,-0.08,0.59,-2.26,0.15,-2.27,-1.07,2.01 -0.36,1.55-99.90,82.8,,
1972,3,0.35,-1.88,-1.87,-1.36,-0.1,2.15,0.15-99.90,-100.35,65.6,,
1972,4,-0.38,-1.15,-0.01,-1.52,-1.95,-0.57,-100.79,0.67-99.90,68.3,,
1972,5,0.93,-0.42,1.23,0.31,0.21,0.03,1.63-99.90,0.13-99.90,46.3,,
1972,6,1.19,0.82,2.06,-2.96,-0.15,0.91,1.75-99.90,-102.41,69.1,,
1972,7,0.21,-0.97,-0.32,2.2,-1.13,-0.16,2.13-99.90,-99.93,52.4,,
1972,8,1.57,-1.55,1.09,1.76,-0.04,-1.63,1.32-99.90,0.22  1.01,51.2,,
1972,9,0.03,-2.69,-1.61,0.93,0.13,1.22,1.24-99.90,-3,74.8,,
1972,10,1.7,-1.94,0.51,1.48,-1.49,0.47,0.52-99.90,0.13-99.90,49.4,,
1972,11,0.43,0.22,0.19,-0.32,0.53,-0.07,-100.24,-101.35,44.4,,
1972,12,0.09,0.31,0.71,-99.9,-0.86,-0.21,0.59  1.79,0.06-99.90,77.3,,
1973,1,-0.46,0.94,0.47,-0.8,-0.88,1.06,1.68 -0.93,1.20-99.90,77.5,,
1973,2,0.52,-1.03,1.12,0.95,-0.14,-0.89,-1.13,1.37-99.90,70.5,,
1973,3,-0.09,-0.03,0.56,-1.94,0.53,-0.35,-100.14,0.44-99.90,49.1,,
1973,4,-0.73,-1.53,1.33,0.6,0.11,-0.32,-100.03,-101.04,47.2,,
1973,5,-0.36,1.32,0.71,-1.49,0.67,-0.71,0.27-99.90,0.99-99.90,42.2,,
1973,6,0.7,0.21,-1.34,-1.3,1.01,0,0.56-99.90,0.91-99.90,42.3,,
1973,7,0.6,-0.58,0.42,-1.27,-0.26,1.35,1.86-99.90,-101.27,31.8,,
1973,8,-0.2,-0.46,0.06,-0.1,-0.95,1.67,-100.85,-0.86,44.5,,
1973,9,-0.15,0.88,0.06,0.68,-0.27,2.91,-100.57,0.00  0.76,61.5,,
1973,10,-0.84,-0.99,0.9,-0.62,-0.74,1.34,-100.49,0.50-99.90,71.8,,
1973,11,-1.11,-0.27,0.29,-0.27,-1.66,-0.34,-101.77,-101.41,82.4,,
1973,12,0.21,-2.78,0.43,-99.9,0.23,-0.34,-2.09,-100.35,53.7,,
1974,1,1.05,0.3,-3.37,-0.65,-1.54,0.47,1.18  0.48,-101.73,89.6,,
1974,2,-0.6,0,-0.78,-1.12,-1.5,-1.65,0.56 -0.04,0.46-99.90,66.2,,
1974,3,-0.43,-0.24,-1.26,0.32,-1.1,-0.86,1.71-99.90,0.79-99.90,42.4,,
1974,4,0.41,-3.14,-0.19,-0.41,-0.73,1.3,0.89-99.90,0.07-99.90,47.5,,
1974,5,-0.17,-0.72,0.36,0.03,-0.4,0.72,0.17-99.90,-100.12,24.7,,
1974,6,0.17,0.09,-0.13,-2.29,-1.36,1.81,1.41-99.90,-100.81,63.4,,
1974,7,-0.73,-1.46,0.81,-1.52,-0.09,0.33,0.10-99.90,-100.67,48.5,,
1974,8,-0.95,-0.37,0.24,2.42,0.9,0.94,0.26-99.90,0.80 -0.84,65.3,,
1974,9,0.95,-0.05,-0.4,2.56,0.35,-0.55,0.85-99.90,-1.56,62.2,,
1974,10,1.04,-2.68,-0.22,0.18,0.93,-1.46,1.00-99.90,-101.63,67.4,,
1974,11,-0.7,-0.12,0.42,-1.75,0.53,-0.27,0.88-99.90,0.48-99.90,41.5,,
1974,12,1.3,-0.67,-0.89,-99.9,0.38,0.48,2.06 -1.02,2.55-99.90,80.9,,
1975,1,0.17,-0.15,-0.46,-1.52,-1.2,-0.22,-0.81  0.99,0.42-99.90,71.5,,
1975,2,-1.15,-0.31,-0.77,-0.5,-0.51,1.35,0.29  0.36,0.67-99.90,45.9,,
1975,3,-1.04,-0.53,-0.46,-0.14,-0.81,0.85,-99.96,1.21-99.90,35.6,,
1975,4,-1.89,0.03,0.37,-1.57,-0.67,-1.69,-100.41,0.61-99.90,60.2,,
1975,5,-0.43,-1.36,-0.45,-1.21,0.6,-0.51,0.50-99.90,0.53-99.90,56.1,,
1975,6,-0.54,-1.51,-0.61,-2.09,-0.31,0.97,0.28-99.90,0.48-99.90,58.6,,
1975,7,1.57,-1.13,1.59,0.6,-1.53,0.45,-100.03,0.23-99.90,31.3,,
1975,8,-0.46,-1.74,0.32,0.99,-1.1,2.24,1.72-99.90,0.19 -0.76,47.6,,
1975,9,1.67,0.16,0.22,0.81,-0.23,-0.71,0.22-99.90,0.46 -0.56,52.4,,
1975,10,-0.08,0.26,0,-0.56,-0.65,1.63,1.73-99.90,0.62-99.90,48.2,,
1975,11,0.3,-1.21,1.04,-1.14,-0.63,0.32,0.10-99.90,0.21-99.90,67.9,,
1975,12,-0.09,-3.13,-1.01,-99.9,-0.16,0.92,-1.83,1.69-99.90,63.3,,
1976,1,-0.8,-2.72,-0.71,-0.3,-0.25,0.61,-1.57  0.66,-100.14,68.2,,
1976,2,0.61,-0.9,-0.39,0.07,-2.38,0.86,0.87  0.00,0.87-99.90,78.1,,
1976,3,0.38,-1.27,-0.06,-0.83,-1.78,-1.58,1.17-99.90,-100.37,77.1,,
1976,4,0.14,-2.32,0.92,-1.52,0.92,-0.68,-100.3,0.77-99.90,68.3,,
1976,5,0.94,0.25,1.19,-0.9,0.58,-0.31,0.36-99.90,-100.18,31.2,,
1976,6,1.11,-2.18,1.28,-0.03,-1.32,2.24,0.14-99.90,-100.98,68.6,,
1976,7,-0.29,-1.99,2.35,-1.21,-0.12,1.97,2.14-99.90,-100.25,55.8,,
1976,8,2.34,-3.33,1.22,0.23,-0.62,-1,1.53-99.90,0.53  0.41,64.4,,
1976,9,-1.11,-2.21,0.1,1.82,-0.04,1.69,0.33-99.90,0.26  0.92,57.7,,
1976,10,0.42,0.2,-0.66,1.53,0.91,0.96,2.75-99.90,0.41-99.90,59.7,,
1976,11,0.04,-0.63,0.23,2.19,1.72,-0.48,0.68-99.90,2.79-99.90,62.3,,
1976,12,-1.57,-0.42,-1.11,-99.9,0.21,-1.78,1.89  0.27,0.89-99.90,67,,
1977,1,-1.72,-0.8,-1.08,0.75,1.6,-0.49,1.11  0.88,-102.38,85.1,,
1977,2,-1,2.06,0.08,-1.4,2.43,-1.73,0.84  0.22,-100.07,82.4,,
1977,3,-1.25,1.92,1.83,-1.44,-0.69,0.45,-100.5,0.32-99.90,70.7,,
1977,4,0.56,0.36,0.97,0.25,-0.32,-1.01,-101.49,0.97-99.90,52.6,,
1977,5,-0.75,-1.67,-0.43,-1.84,-0.56,-1.21,-100.15,0.33-99.90,52.1,,
1977,6,-0.27,-0.34,0.17,-0.24,0.57,0.3,0.58-99.90,-100.08,23.2,,
1977,7,-0.42,-0.54,0.96,0.03,-1.04,-0.01,2.11-99.90,-100.73,37.2,,
1977,8,-0.49,-0.05,0.77,1.69,2.2,-1.13,1.38-99.90,-0.51,60.3,,
1977,9,0.51,-0.95,2.13,-0.47,-0.72,0.88,-100.44,0.20 -1.27,61.9,,
1977,10,1.08,0.23,1.67,-0.29,1.25,1.01,1.80-99.90,-100.44,69.8,,
1977,11,-0.21,0.04,-0.27,0.05,-0.22,-0.87,-100.56,0.21-99.90,48.4,,
1977,12,-1.02,0.89,-0.67,-99.9,-0.8,0.33,0.49 -0.07,0.88-99.90,62.1,,
1978,1,0.26,-1.12,-0.01,2.76,0.13,-0.63,0.51 -0.60,1.77-99.90,59.8,,
1978,2,-2.94,0.79,-0.15,0.48,1.4,-0.98,0.23 -0.65,1.69-99.90,82.8,,
1978,3,0.33,0.95,-1.26,1.38,-0.18,-0.24,0.43-99.90,0.26-99.90,62.8,,
1978,4,-1.42,-1.13,0.18,0.82,-0.19,1.22,0.79-99.90,-100.12,53.6,,
1978,5,1.05,-0.83,-0.04,-0.23,-0.73,0.1,0.87-99.90,-100.94,27.4,,
1978,6,1.7,1.02,3.39,0.5,-0.92,-0.14,0.44-99.90,-100.21,70.5,,
1978,7,-1.11,0.12,2.46,1.7,-2.43,0.38,0.99-99.90,-100.58,58.9,,
1978,8,0.7,-1.39,0.66,0.77,0.02,1.73,0.94-99.90,-2.63,31.1,,
1978,9,0.6,-1.08,0.92,-0.48,1.38,0.83,-101.5,-0.13  0.03,63.5,,
1978,10,2.61,-2.06,-0.76,0.43,0.69,1.42,-100.4,0.10-99.90,54.1,,
1978,11,3.06,-0.01,0.1,1.28,-0.48,1.1,-100.58,1.23-99.90,75,,
1978,12,-1.54,1.5,1.3,-99.9,-1.02,0.29,-0.93,-100.18,75.8,,
1979,1,-2.12,-0.98,1.43,2.12,-1.54,-0.79,0.53  0.40,0.71-99.90,68,,
1979,2,-1.2,1.28,-0.66,-0.18,-2.73,-0.2,0.19 -0.57,1.81-99.90,58.6,,
1979,3,0.41,-0.94,-0.29,0.83,0.08,-0.1,0.75-99.90,-101.77,60.8,,
1979,4,-2.01,-0.63,0.85,0.66,-0.15,0.15,0.22-99.90,0.08-99.90,49,,
1979,5,-0.9,1.45,-0.13,-0.87,1.27,-0.83,-100.28,0.77-99.90,49.6,,
1979,6,1.92,0.15,1.56,-0.48,-1.64,0.78,0.19-99.90,-100.06,71,,
1979,7,0.86,-0.59,1.72,-0.24,0.51,-0.44,-101.35,-101.18,83,,
1979,8,1.11,-0.92,1.57,1.82,0.67,-0.42,0.38-99.90,-1.53  0.06,46.6,,
1979,9,1.13,-0.42,0.35,0.58,1.02,-0.26,-101.31,-0.65  0.73,50.4,,
1979,10,0.18,-0.26,0.71,0.87,1.85,0.65,1.26-99.90,-100.17,56.4,,
1979,11,0.42,0.62,2.48,0.92,0.51,-1.54,-100.05,0.74-99.90,61.8,,
1979,12,0.84,0.94,0.03,-99.9,-0.68,0.19,0.35 -0.34,1.67-99.90,70.2,,
1980,1,-1.38,-1.08,-1.71,0.53,-1.01,0.31,0.44 -0.32,-100.82,72.6,,
1980,2,-0.39,-0.13,-0.5,0.86,2.03,-0.3,0.82 -0.12,0.99-99.90,60.7,,
1980,3,-0.73,0.18,1.09,0.15,-0.64,-1.42,1.27-99.90,-100.42,70.3,,
1980,4,1.26,-1.99,0.72,-0.75,1.66,0.3,0.62-99.90,-100.18,74.1,,
1980,5,-1.34,-1.45,1.85,-0.7,-0.16,0.24,0.68-99.90,-100.27,86.8,,
1980,6,-0.07,0.38,3.29,1.59,-0.81,-1.86,0.32-99.90,1.39-99.90,79.7,,
1980,7,-0.39,0.09,0.36,-0.35,-0.81,0.45,0.63-99.90,-100.56,43.7,,
1980,8,-3.01,-0.68,-1.39,-0.15,-2.03,1.18,-101.25,0.19 -2.03,81.1,,
1980,9,0.79,0.9,-1.68,0.43,-0.08,-0.04,-100.04,-0.31,56.9,,
1980,10,-1.41,0.42,0.68,1.24,2.87,0.04,-101.07,-100.01,66.8,,
1980,11,-0.52,-0.2,0.33,0.15,1.28,1.35,-100.3,0.04-99.90,71,,
1980,12,0.63,-1.29,-2.41,-99.9,-0.57,-1.17,-1.51  0.35,-100.33,79.7,,
1981,1,-0.08,-2.52,-0.82,1.02,2.46,0.11,-2.01,1.91-99.90,74.7,,
1981,2,0.6,-0.95,-0.3,-0.03,0.21,-1.13,0.59 -0.53,0.17-99.90,47.5,,
1981,3,-1.65,1.58,0.35,0.03,1.27,0.9,-100.77,-100.73,78.8,,
1981,4,0.25,-1.5,0.22,-0.19,-1.23,1.37,-101.24,-100.67,61.5,,
1981,5,0.24,0.09,0.16,0.48,1.83,0.07,1.42-99.90,1.30-99.90,57.4,,
1981,6,-0.15,0.57,-2.09,-0.82,-0.1,-0.34,-100.97,0.02-99.90,41.8,,
1981,7,0.08,0.83,0.82,-0.94,-1.02,-1.08,0.70-99.90,0.52-99.90,55.1,,
1981,8,0.38,-1.48,-0.96,0.7,-1.54,-2.09,-99.95,-2.21  1.96,52.6,,
1981,9,-1.27,0.54,-0.59,-0.4,0.08,-0.73,-99.96,-0.64  1.38,54.4,,
1981,10,-0.96,0.16,-0.79,-0.01,-1.43,-2.08,-101.25,-101.81,73.5,,
1981,11,-0.53,0.01,-0.51,-1.5,1.19,-1.23,-100.59,-100.39,76.4,,
1981,12,-0.11,0.58,0.74,-99.9,-0.42,-1.62,-1.83,0.07-99.90,60.6,,
1982,1,-1.55,-0.23,0.03,1.11,-1.75,0.3,-0.77  1.20,0.74-99.90,54.4,,
1982,2,0.86,-0.08,-1.57,1.16,-1.2,1.32,0.73  0.24,0.10-99.90,78.9,,
1982,3,0.8,-0.47,0.84,0.41,-1.66,0.75,0.72-99.90,-100.29,72.3,,
1982,4,-0.04,-0.97,-0.52,-0.98,-2.08,-0.29,-101.47,0.59-99.90,57.2,,
1982,5,-0.44,0.72,0.67,-1.29,-0.53,0.1,-100.76,-100.01,53.2,,
1982,6,-1.34,1.23,1.88,0.1,2.17,2.17,-100.85,0.46-99.90,75.5,,
1982,7,1.18,-1.59,0.05,0.44,0.49,-0.2,0.39-99.90,0.37-99.90,61.3,,
1982,8,0.21,0.33,0.41,0.54,0.31,-0.11,-100.4,0.48 -0.54,38.8,,
1982,9,1.86,1.15,-0.03,0.54,0.83,-0.49,-100.2,1.16 -0.37,59.9,,
1982,10,-0.29,0.74,0.53,-0.57,-0.86,0.53,1.47-99.90,-100.09,39.1,,
1982,11,1.55,0.85,0.52,0.38,-0.47,0.16,0.21-99.90,-100.88,46.5,,
1982,12,1.56,-1.34,1.42,-99.9,0.45,0.02,-0.28  0.44,-100.71,60.6,,
1983,1,1.34,0.59,-0.05,-0.31,0.87,1.31,-3.2,-100.69,84.1,,
1983,2,-1.04,-1.05,-0.89,-0.31,1.44,0.47,0.47 -1.84,1.18-99.90,67.1,,
1983,3,0.59,-0.36,-1.14,-0.6,2.03,-0.03,-100.42,-101.02,64.6,,
1983,4,-1.07,1.31,1.09,-0.46,0.98,-1.85,1.24-99.90,0.39-99.90,63,,
1983,5,-0.01,1.06,0.5,0.63,-0.08,-0.36,1.48-99.90,-100.27,60.4,,
1983,6,1.31,-0.92,-1.78,-0.95,2.1,0.75,-100.45,-100.38,70.3,,
1983,7,1.22,-1.72,0.37,-1.67,0.82,-0.98,0.74-99.90,-99.91,81,,
1983,8,1.95,-0.54,-1,-1.43,0.5,0.98,-100.34,1.20 -0.56,73.7,,
1983,9,-0.95,1.93,-1.73,-0.56,-1.37,0.93,0.06-99.90,-1.36,55.6,,
1983,10,1.22,0.12,0.54,-0.57,0.26,0.37,-101.77,0.42-99.90,73.4,,
1983,11,-1.16,0.04,-0.41,-0.5,1.75,1.72,-101.73,0.70-99.90,85.1,,
1983,12,0.18,-0.05,-0.8,-99.9,-0.61,-0.98,-1.87  1.24,-101.18,53.8,,
1984,1,1.42,-0.31,-1.67,-0.97,0.6,-2.06,-0.46  1.07,-100.8,86.4,,
1984,2,0.37,-0.34,-0.33,-1.41,0.73,-1.78,1.31 -1.26,0.24-99.90,59.3,,
1984,3,-0.79,-0.9,-1.04,0.98,1.08,-2.14,1.46-99.90,1.24-99.90,85.9,,
1984,4,-0.45,-0.4,-0.91,-1.7,1.41,0.64,1.51-99.90,0.78-99.90,59.2,,
1984,5,0.55,-0.92,-1.73,-0.64,0.37,-1.72,0.98-99.90,0.82-99.90,57.7,,
1984,6,-0.12,-1.29,0.8,-0.76,-0.36,-0.17,0.03-99.90,-100.64,25.9,,
1984,7,-0.04,-0.41,0.52,-0.1,-2.61,0.32,-100.62,-101.43,68,,
1984,8,1.35,-2.22,0.24,0.85,-1.14,2.08,1.24-99.90,-1.01,57.1,,
1984,9,0.31,-1.59,0.17,1.25,-0.02,-0.63,-100.28,-1.34,35.8,,
1984,10,0.43,1.91,-1.51,-0.49,-0.53,-0.17,-100.2,-101.66,62.5,,
1984,11,-0.2,0.64,0.16,-0.94,0.39,1.18,1.13-99.90,-100.48,65.4,,
1984,12,-0.09,-1.18,0.6,-99.9,-1.9,0.06,2.84  1.34,0.60-99.90,78.3,,
1985,1,-2.38,-0.78,-0.61,1,1.44,-0.34,0.41  1.07,0.05-99.90,70.2,,
1985,2,-1,-0.14,-1.12,-2.41,-0.99,0.38,-0.20  0.77,-101.62,58.6,,
1985,3,-0.19,-0.56,1.81,-0.67,-1.19,0.18,1.07-99.90,1.48-99.90,74.5,,
1985,4,0.2,0.3,-0.53,-1.64,-1.27,0.48,-100.78,-100.28,56,,
1985,5,-0.4,-0.66,0.72,-0.31,-0.82,-0.14,1.28-99.90,0.03-99.90,37.1,,
1985,6,-0.5,1.06,0.37,-0.75,1.28,1.06,0.11-99.90,-101.11,39.9,,
1985,7,1.25,-0.23,0.24,1.93,-0.19,1.71,0.15-99.90,-101.88,54,,
1985,8,-0.74,0.63,0.31,1.15,-0.53,0.63,0.25-99.90,-1.03,45.2,,
1985,9,-0.36,-0.18,-0.4,-0.22,-0.63,0.54,-102.02,-3.5,61.4,,
1985,10,1.49,0.17,0.09,-0.75,-1.5,1.69,0.37-99.90,0.23-99.90,61.6,,
1985,11,-0.84,-0.17,-0.97,1.25,-1.83,-0.88,0.06-99.90,-100.39,67.9,,
1985,12,0.11,0.12,-0.96,-99.9,1.08,-0.05,0.06  0.79,-102.76,75.7,,
1986,1,0.78,-0.78,-0.36,0.52,0.6,-1.11,0.16 -0.95,0.02-99.90,72.3,,
1986,2,-1.58,-0.59,-1.97,0.83,0.41,-0.07,0.94 -0.25,1.52-99.90,69.4,,
1986,3,1.39,0.33,-1.16,0.07,0.51,1.35,1.15-99.90,1.55-99.90,81.6,,
1986,4,-0.79,0.1,0.04,-1.56,-0.15,-1.62,0.39-99.90,0.87-99.90,40.3,,
1986,5,0.84,1.4,0.28,-1.17,-0.03,0.72,0.14-99.90,-100.76,47.6,,
1986,6,1.54,0.86,-0.08,0.23,0.39,-0.19,1.40-99.90,1.57-99.90,45.3,,
1986,7,0.15,-0.71,-0.04,-0.35,-0.35,0.87,-101.85,-100.21,58.7,,
1986,8,-1.53,-0.33,-0.65,2.55,-1.49,0.8,0.55-99.90,-0.66  1.61,53.7,,
1986,9,-0.95,-1.34,0.69,0.87,-0.28,1.96,-101.94,1.00 -2.42,84.8,,
1986,10,2.2,0.91,-0.27,1.35,1.18,1.19,-101.59,0.73-99.90,71.5,,
1986,11,2.27,0.72,-0.56,1.54,-0.71,-0.05,0.15-99.90,-100.2,69.6,,
1986,12,0.83,1.13,-0.17,-99.9,1.06,1.42,0.49  0.08,-99.96,68.2,,
1987,1,-1.85,0.06,1.57,-0.74,0.63,0.82,0.18  0.00,0.17-99.90,80.9,,
1987,2,-1.27,0.78,0.37,-0.49,0.57,-0.03,-1.03,0.20-99.90,55.1,,
1987,3,-0.26,-1.53,0.22,0.73,0.85,0.48,1.03-99.90,0.21-99.90,46.4,,
1987,4,2.03,0.76,0.48,-0.68,1.54,1.85,0.66-99.90,-101.01,84.8,,
1987,5,0.96,-0.9,1.77,-0.26,-1.02,-0.18,-101.3,-100.35,54.6,,
1987,6,-1.53,0.95,1.73,-1.09,0.56,-0.96,0.32-99.90,0.89-99.90,50.5,,
1987,7,0.55,-2.42,0.6,0.94,-0.43,-0.71,-100.87,0.59-99.90,81.4,,
1987,8,-1.19,-1.26,-0.49,0.97,0.74,-0.98,-101.55,-1.74,71.6,,
1987,9,-1.04,1.53,1.44,0.49,-2.6,1.7,-100.91,-1.26  0.60,89.4,,
1987,10,0.66,1.01,0.93,1.2,0.75,-2.46,1.40-99.90,0.78-99.90,69.8,,
1987,11,0.06,-0.54,0.15,-0.67,1.19,0.17,0.36-99.90,0.16-99.90,43.9,,
1987,12,0.21,0.95,1.75,-99.9,0.5,1.22,-2.38,-101.16,87.6,,
1988,1,0.68,0.99,1.83,1.13,0.03,-1.09,0.72  0.78,0.66-99.90,79.1,,
1988,2,0.42,-0.83,0.3,-0.13,1.37,-1.44,0.60  1.30,-100.97,67.8,,
1988,3,-0.58,0.4,0.53,0.26,0.38,-2.23,0.49-99.90,0.89-99.90,37.6,,
1988,4,-1.42,0.19,-0.2,-0.63,1.12,0.39,-100.86,0.81-99.90,68.3,,
1988,5,0.64,-0.01,-0.15,-1.16,0.61,-1.03,0.85-99.90,-102.21,58,,
1988,6,1.19,-1.71,-0.25,-0.93,1.31,-1.14,1.93-99.90,-100.5,68.8,,
1988,7,-0.32,1.25,-1.47,0.1,1.6,-0.73,0.81-99.90,-100.39,56.9,,
1988,8,-0.07,0.77,0.78,0.44,-0.62,0.54,-100.09,-1.18  0.03,32.7,,
1988,9,-0.82,0.42,-0.83,-0.19,-0.97,0.39,-100.98,1.33  0.43,63.2,,
1988,10,-0.66,-0.66,-0.56,0.99,0.89,0.19,0.10-99.90,1.84-99.90,41.3,,
1988,11,-0.49,-1.36,-0.96,-1.31,0.11,1.19,-101.65,-100.39,67.1,,
1988,12,0.48,-1.18,-0.67,-99.9,0.33,0.75,-1.98  0.65,0.80-99.90,73.4,,
1989,1,0.85,0.7,1.26,-1.81,-1.57,1.14,-0.31  0.39,0.80-99.90,90.6,,
1989,2,1.82,0.22,0.53,2.34,-1.71,-0.23,-1.14  1.40,1.43-99.90,77.6,,
1989,3,1.54,-0.62,-1.98,0.6,-1.56,-0.28,-100.52,0.15-99.90,83.6,,
1989,4,0.16,1.12,-0.28,1.29,-0.77,-1.11,1.96-99.90,0.22-99.90,61.5,,
1989,5,1.33,-0.26,0.36,0.45,-0.04,-0.04,-101.75,-100.09,50.5,,
1989,6,0.03,-0.87,-0.62,0.09,-0.56,-1.2,0.78-99.90,1.32-99.90,34.8,,
1989,7,1,0.02,0.89,-1.23,-0.59,-2.04,0.20-99.90,1.10-99.90,66.8,,
1989,8,-0.11,-0.57,2.52,1.32,-0.27,0.05,0.21-99.90,0.31  0.14,45.5,,
1989,9,2.15,-0.57,0.44,0.66,0.41,-1.12,0.59-99.90,0.78 -1.03,68.8,,
1989,10,0.48,-0.35,1.5,0,-1.08,0.99,-100.55,0.78-99.90,72.9,,
1989,11,0.03,-1.88,-0.47,-0.04,-0.7,0.55,0.89-99.90,1.89-99.90,64.4,,
1989,12,-1.15,1.42,-1.98,-99.9,0.57,0.07,-1.58  0.54,-100.37,79.2,,
1990,1,0.7,0.19,1.37,-0.58,-1.09,0.18,0.16  0.81,-102.06,58.2,,
1990,2,1.16,1.55,0.24,-1.86,-2.78,-0.14,-1.68  0.44,-100.57,68.8,,
1990,3,1.13,1.31,-0.13,0.03,0.04,-0.03,-101.87,0.81-99.90,72.3,,
1990,4,2.03,-0.67,-0.84,1.72,-0.62,-1.11,-100.62,0.98-99.90,71.4,,
1990,5,-1.37,-1.27,0.17,0.21,0.27,2.25,0.74-99.90,2.23-99.90,67.1,,
1990,6,0.29,0.57,0.77,0.71,-1.39,-0.54,0.03-99.90,-101.26,39.2,,
1990,7,0.56,0.02,0.42,0.88,-0.26,0.54,-100.69,-101.29,36.7,,
1990,8,1.12,-0.24,0.59,-0.39,1.76,0.45,-100.05,-0.32,54.6,,
1990,9,1.18,-1.44,0.68,0.78,-0.46,0.33,-100.11,-2.21  0.37,37.3,,
1990,10,0.76,0.18,0.11,-0.43,-0.91,0.66,1.22-99.90,1.47-99.90,66.4,,
1990,11,-0.39,-0.15,0.59,-0.76,-1.66,1.24,-99.98,0.48-99.90,75.9,,
1990,12,0.11,-0.78,0.61,-99.9,-1.62,-0.63,-0.15  1.26,0.87-99.90,66.7,,
1991,1,0.49,0.92,-1.3,-0.45,0.2,0.93,0.00  1.58,-100.54,77.6,,
1991,2,0.74,0.15,-0.78,0.31,1.13,-0.67,1.72 -0.05,0.58-99.90,64,,
1991,3,-0.61,0.7,1.83,-0.38,-1.21,0.3,0.92-99.90,-100.13,57.5,,
1991,4,0.17,-0.86,0.7,-0.14,0.38,-1.28,-100.76,2.01-99.90,61.9,,
1991,5,0.12,-2.66,0.56,-1.13,-0.63,-0.81,-101.43,0.23-99.90,78.6,,
1991,6,-0.52,-1.45,0.63,1.02,-0.92,-1.17,-100.61,-100.79,46.7,,
1991,7,-0.46,-0.86,-1.73,-0.58,0.28,1.35,-100.41,0.32-99.90,53.8,,
1991,8,1.46,0.05,-1.15,-0.81,-0.28,0.43,-100.18,0.82  0.47,69.8,,
1991,9,0.61,0.48,-0.58,1.2,1.15,0.48,-101.27,-0.28  0.37,60.1,,
1991,10,0.3,-1.63,-0.32,1.24,-2.35,-0.86,0.18-99.90,0.95-99.90,75.4,,
1991,11,0.37,0.49,-0.94,1.01,0.22,-0.69,0.02-99.90,1.67-99.90,58.4,,
1991,12,0.34,-1.3,0.29,-99.9,0.17,1.99,0.01 -0.03,1.74-99.90,76.4,,
1992,1,-0.66,-0.54,0.35,-0.17,0.99,2.49,-0.75,1.11-99.90,78,,
1992,2,0.77,-0.19,-0.81,0.7,0.09,0.92,-0.73,0.45-99.90,48.9,,
1992,3,0.51,-0.08,1.12,1.28,0.46,-0.7,0.41-99.90,0.83-99.90,56.4,,
1992,4,1.88,0.04,-0.62,1.46,-0.29,0.77,0.32-99.90,-101.52,57.8,,
1992,5,2.49,0.53,-0.21,1.02,1.2,1.53,-100.57,1.81-99.90,68,,
1992,6,0.51,-0.31,-0.17,-0.14,1.36,1.55,2.34-99.90,1.64-99.90,58.1,,
1992,7,0.19,-1.23,1.17,1.83,0.38,1.15,-100.93,1.90-99.90,77.1,,
1992,8,0.97,1.74,1.19,0.43,-0.37,0.99,-101.14,0.79  0.29,87,,
1992,9,-0.28,-0.22,-1.02,-0.87,-1.13,-1.4,1.59-99.90,-2.47,61.4,,
1992,10,-1.4,-2.36,0.81,0.59,0.4,1.53,-99.98,1.14-99.90,62.1,,
1992,11,1.12,1,1.26,0.3,0.8,0.13,-100.63,-100.65,47.2,,
1992,12,0.35,-0.05,0.08,-99.9,-1.53,0.36,-0.18  0.35,0.96-99.90,65.3,,
1993,1,1.35,0.63,-0.22,-0.65,-1.48,0.64,-1.88,1.12-99.90,76.3,,
1993,2,0.12,-1.82,0.24,2.12,0.44,1.83,0.06 -0.25,1.27-99.90,68.2,,
1993,3,0.3,-0.03,-0.48,0.21,0.94,0.43,-100,2.10-99.90,56.6,,
1993,4,0.91,-1.08,-1.67,0.71,1.26,0.39,0.59-99.90,-100.01,67.2,,
1993,5,-0.67,-0.68,0.96,0.37,2.43,-0.87,1.49-99.90,-99.95,57.2,,
1993,6,-0.29,-0.44,0.04,1.59,0.66,0.87,-100.38,-101.67,55.7,,
1993,7,-3.14,-1.41,-0.31,0.73,-0.28,-0.21,-100.08,-100.18,61.9,,
1993,8,0.03,-0.81,0.52,0.66,-0.17,-0.33,-100.53,-2.43,33.6,,
1993,9,-0.41,-0.46,-0.44,2.48,-0.97,2.23,1.18-99.90,-1.86,61.2,,
1993,10,-0.26,-1.13,1.14,2.44,-0.17,0.99,0.76-99.90,0.54-99.90,80.6,,
1993,11,2.56,-0.77,0.83,0.31,-0.35,0.58,1.90-99.90,0.87-99.90,79.1,,
1993,12,1.36,0.43,0.89,-99.9,0.42,-0.95,-0.2,-99.94,68.5,,
1994,1,0.7,0,0.47,2.38,-0.8,-1.21,-0.24  0.78,-100.45,66,,
1994,2,0.08,0.83,-1.16,0.47,-1.27,1.14,1.25  0.53,-100.53,64,,
1994,3,0.92,0.7,-0.22,-1.06,0.23,-1.77,-100.62,0.33-99.90,46.6,,
1994,4,1.1,0.05,-0.14,0.98,-0.7,-0.82,0.40-99.90,-100.72,36.1,,
1994,5,-0.48,0.79,1.08,-0.76,0.48,0.82,0.52-99.90,0.96-99.90,61.5,,
1994,6,1.84,0.74,0.48,-0.14,-1.36,-0.15,-101.44,-100.54,63.3,,
1994,7,1.34,0.97,1.11,0.9,-0.06,1.69,0.60-99.90,0.41-99.90,65.1,,
1994,8,0.36,0.75,2.59,0.83,-1.38,0.79,0.50-99.90,1.15 -0.50,56.6,,
1994,9,-1.14,-0.79,-0.93,0.24,-2.02,-0.82,-99.92,0.09  0.38,52,,
1994,10,-0.54,-0.9,0.46,-0.4,-0.09,-0.25,-101.23,1.01-99.90,54.9,,
1994,11,0.54,0.76,0.77,-2.04,-1.61,2.17,-100.43,0.19-99.90,93.2,,
1994,12,1.78,0.97,0.27,-99.9,0.39,1.35,1.35 -1.10,1.43-99.90,87.2,,
1995,1,0.57,0.09,-0.18,1.03,0.2,-1.11,-1.86,0.44-99.90,61.9,,
1995,2,0.85,1.03,-2.05,0.05,0.68,-0.6,-2.08  0.83,-100.17,81.9,,
1995,3,0.91,-2.46,-1.04,0.61,0.03,0.56,-100.22,-99.96,69.2,,
1995,4,-1.07,-1.71,0.72,1.13,0.04,-1.18,-100.88,-101.44,62.7,,
1995,5,-1.33,0.06,0.91,0.72,0.09,-0.82,-100.25,0.16-99.90,53,,
1995,6,0.44,-1.84,-1.32,0.02,0.9,0.15,1.69-99.90,0.74-99.90,55.9,,
1995,7,-0.19,-0.8,0.83,1.11,-0.74,0.99,-100.26,1.26-99.90,44.8,,
1995,8,0.76,-2.09,-0.74,-0.92,-0.33,0.83,0.06-99.90,-1.64,76.3,,
1995,9,0.45,-0.37,0.05,1.9,1.22,-1.2,0.22-99.90,0.21  1.20,74.1,,
1995,10,0.72,0.53,-0.42,-0.32,0.11,0.54,0.69-99.90,-99.91,31.6,,
1995,11,-1.59,-1.35,-1.76,1.07,-0.73,0.52,-100.15,0.72-99.90,70.2,,
1995,12,-1.64,0.57,-1.72,-99.9,0.62,0.69,-1.52,0.95-99.90,72,,
1996,1,-0.65,-0.53,-0.92,0.26,-0.68,-0.47,2.86  0.46,0.63-99.90,59.7,,
1996,2,-0.52,-1.12,0.07,0.27,-0.7,-1.29,-0.37,2.06-99.90,56.6,,
1996,3,-0.66,-0.65,-0.3,2.41,-0.75,-1.23,2.15-99.90,1.21-99.90,57.9,,
1996,4,-0.33,-0.69,-2.12,0.07,0.51,0.72,1.24-99.90,-101.43,76.4,,
1996,5,-0.93,-0.38,-1.46,1.15,0.37,0.01,0.36-99.90,1.31-99.90,68,,
1996,6,0.87,-0.53,-0.09,-0.96,-1.18,-0.5,-100.23,-100.55,44.5,,
1996,7,0.7,0.39,1.66,-0.17,0.18,-0.67,-101.49,1.22-99.90,51.3,,
1996,8,1.19,-0.08,-1.18,0.92,-0.93,0.88,2.93-99.90,0.16  1.20,68.1,,
1996,9,-0.69,-0.95,-1.41,-0.02,-0.27,1.47,1.03-99.90,-0.97,52.8,,
1996,10,0.15,0.49,-0.78,-0.54,-0.67,0.14,0.40-99.90,-100.16,43.2,,
1996,11,-0.72,1.38,0.26,1.61,-0.44,-2.39,0.01-99.90,0.47-99.90,52.6,,
1996,12,-1.4,-1.52,0.6,-99.9,-1.53,-0.82,-0.54,-100.89,70.3,,
1997,1,-1.08,-0.13,-2.31,0.22,0.16,1.68,0.07 -0.72,2.06-99.90,63.5,,
1997,2,1.48,1.06,-0.24,-0.03,0.45,0.61,-0.87  0.49,-100.08,68.8,,
1997,3,1.13,0.27,-0.16,-0.06,-1.56,-0.55,-101.23,-101.42,78,,
1997,4,-1.25,-1.91,-1.04,1.7,0.29,1.52,-102.34,0.91-99.90,76.2,,
1997,5,-0.21,0.61,1.21,2.43,0.77,0.73,-100.56,-100.44,65.5,,
1997,6,-1.17,-0.75,-0.67,-0.56,-0.25,1.26,1.64-99.90,0.76-99.90,52.1,,
1997,7,0.37,-0.41,0.4,-1.32,0.1,1.14,2.61-99.90,-100.7,70,,
1997,8,0.94,0.18,-0.34,-0.08,-0.55,-0.57,1.18-99.90,0.97 -0.71,61.8,,
1997,9,0.74,-0.81,0.38,0.36,0.22,0.31,-101.32,-0.29  1.08,65.1,,
1997,10,-1.34,-1.5,-2.15,0.1,-0.12,1.3,-102.07,0.29-99.90,71.8,,
1997,11,-1.08,0.92,1.84,0.65,0.86,1.52,1.42-99.90,1.18-99.90,75.4,,
1997,12,-0.98,1.74,0.91,-99.9,0.85,0.26,0.61 -0.60,1.62-99.90,81.9,,
1998,1,-0.05,0.14,0.06,0.62,0.3,0.55,0.59 -1.55,-101.65,55.1,,
1998,2,-0.57,1.33,0.67,-0.33,0.89,2.72,-3.3,0.62-99.90,93.6,,
1998,3,0.51,0.49,1.04,1.31,0.69,-1.11,-99.95,0.05-99.90,60.5,,
1998,4,-0.88,2.39,2.32,-0.49,0.85,0.55,0.54-99.90,-99.97,77.8,,
1998,5,-1.17,-1.25,1.88,-1.36,-1.87,-0.6,0.25-99.90,1.49-99.90,84.1,,
1998,6,-2.44,-0.03,-0.34,0.23,0.09,-1.56,-100.92,-100.14,56.9,,
1998,7,-0.45,1.04,-0.4,0.12,1.67,-1.25,-101.53,-101.05,63.6,,
1998,8,-0.15,1.31,-0.02,-1.67,-0.6,0.12,-102.09,-2.00  1.07,77.5,,
1998,9,-1.8,0.17,1.81,-0.52,0.42,0.54,1.41-99.90,-0.14  0.42,81.2,,
1998,10,0.2,0.71,1.32,-1.27,0.77,-0.53,-100.39,-101.08,72.3,,
1998,11,-0.43,0.11,0.34,-0.52,0.7,-0.22,-100.27,-103.34,43.1,,
1998,12,0.72,0.67,0.6,-99.9,-0.39,-0.67,-0.95  1.05,-100.39,68.1,,
1999,1,0.39,-0.27,0.08,-0.89,-0.44,-0.89,-0.01  0.47,-100.37,65,,
1999,2,-0.11,-1.64,1.51,-1.12,-0.46,-0.57,-3.13,0.11-99.90,83.4,,
1999,3,-0.16,-2.01,1.19,-0.73,0.38,1.39,1.68-99.90,-101.25,76.5,,
1999,4,-1.18,1.01,1.3,-0.57,0.05,0.42,-100.15,0.29-99.90,49.2,,
1999,5,0.9,0.41,-0.3,-0.69,-0.05,1.66,-101.18,-101.5,59.9,,
1999,6,1.44,0.13,0.32,-1.44,0.43,-0.74,0.49-99.90,0.80-99.90,46.3,,
1999,7,-0.87,0.48,0.26,0.34,-0.92,0.8,-99.91,1.76-99.90,50.1,,
1999,8,0.38,-0.27,1.12,0.32,1.95,1.17,-100.29,0.29  1.43,55.7,,
1999,9,0.5,1.07,0.6,-0.44,0.33,-0.5,1.24-99.90,-0.03  0.04,37.8,,
1999,10,0.73,-0.16,-0.45,-0.24,0.62,-0.61,0.81-99.90,-99.98,38.1,,
1999,11,0.55,-1.02,1.91,-1.33,0.45,-0.43,-100.29,-100.96,52,,
1999,12,1.4,0.46,-1.12,-99.9,-0.09,-0.93,-0.5,0.41-99.90,63.4,,
2000,1,0.19,-1.97,-0.21,-0.92,-1.7,0.65,-1.13,-100.08,46.6,,
2000,2,1.48,0.41,-0.41,-0.55,1.2,0.1,-1.32,-101.45,61.3,,
2000,3,0.4,-0.68,0.01,-0.4,0.95,-1.13,-100.82,-101.42,61.9,,
2000,4,-0.18,0.33,-1.3,0.08,-0.58,-0.95,0.34-99.90,-100.19,45.7,,
2000,5,1.52,0.2,-1.46,-0.62,-0.16,0.96,0.27-99.90,-100.14,71.1,,
2000,6,0.28,1.41,0.57,-0.24,-1.19,-0.34,-101.04,1.60-99.90,61,,
2000,7,-1,-0.27,1.07,-1.26,-2.55,-1.64,1.46-99.90,-100.15,61.5,,
2000,8,-0.5,-0.21,-0.86,0.63,-0.51,1.17,-100.01,-0.72,32.9,,
2000,9,-0.06,-0.14,0.52,0.49,-1.21,1.19,1.42-99.90,0.25 -0.81,53.7,,
2000,10,1.51,1.22,1.14,-0.72,0.44,-1.45,1.07-99.90,-100.54,68.3,,
2000,11,-1.1,0.64,-0.23,0.2,0.7,-0.9,1.91-99.90,0.42-99.90,67.8,,
2000,12,-0.63,1.63,-0.68,-99.9,0.92,-0.77,0.94  0.27,-101.07,72.2,,
2001,1,-0.22,1.53,0.42,-0.9,1.29,-0.85,1.45 -0.41,-100.45,60.7,,
2001,2,0.07,-0.39,1.57,0.26,-0.51,0.12,-0.07  0.95,-101.18,67.2,,
2001,3,-1.73,1.23,-1.05,-1.16,0.39,-0.35,-100.43,-100.45,69.2,,
2001,4,-0.15,0.65,1.1,0.06,-0.7,-0.59,-100.42,1.21-99.90,50.7,,
2001,5,0.03,0.33,-1.16,-1.42,-0.01,1.48,-100.63,-100.02,52,,
2001,6,0.11,-0.14,0.41,0.55,-0.89,0.48,-100.48,-101.34,27.1,,
2001,7,-0.22,0.67,-0.32,-1.3,-0.36,-0.62,0.57-99.90,0.49-99.90,29.6,,
2001,8,-0.22,1.83,-0.27,-1.17,-0.14,0.53,-100.45,-0.36  0.72,62,,
2001,9,-0.49,-0.98,2.28,-0.46,0.04,-1.08,0.45-99.90,-0.69  1.28,66.1,,
2001,10,0.25,1.16,-0.58,-0.04,-0.08,0.54,1.32-99.90,0.73-99.90,70.7,,
2001,11,0.53,-0.62,0.79,-0.33,1.03,-0.67,-101.96,0.31-99.90,55.4,,
2001,12,-0.86,-0.89,-0.35,-99.9,0.26,0.46,0.68 -1.34,0.60-99.90,65.3,,
2002,1,0,1.68,-0.04,-0.11,-0.7,0.7,-0.70  0.58,0.15-99.90,78.9,,
2002,2,0.8,1.43,0.87,-0.89,-0.11,-0.56,-1.7,0.37-99.90,81.1,,
2002,3,0.32,0.63,0.73,1.99,-1.56,0.39,-100.29,-100.97,39.4,,
2002,4,1.14,-0.19,0.21,0.45,-2.4,-0.38,0.94-99.90,0.95-99.90,62,,
2002,5,-0.15,0.15,-0.79,1.52,-0.56,0.52,1.30-99.90,0.21-99.90,48.9,,
2002,6,0.69,1.65,-0.72,-0.2,0.06,0.18,-100.33,-100.19,62.9,,
2002,7,0.65,0.67,-1.06,-0.69,0.4,-0.65,0.20-99.90,0.37-99.90,49.2,,
2002,8,0.36,-0.39,-1.64,-0.07,0.61,0.09,1.22-99.90,-1.08,37.4,,
2002,9,-0.54,-1.87,0.79,-0.4,0.6,0.46,0.88-99.90,1.73 -0.56,59.1,,
2002,10,-1.97,0.7,-2.12,1.77,-0.55,0.78,0.06-99.90,-100.74,71.7,,
2002,11,-0.32,0.67,-1.51,2.05,1.46,0.45,0.80-99.90,-99.94,70.2,,
2002,12,-0.96,0.62,0.54,-99.9,1.28,1.6,0.96 -0.58,-100.2,82.7,,
2003,1,-0.32,1.11,-0.14,2.07,1.01,-0.39,-0.73,1.24-99.90,73.5,,
2003,2,0.26,-0.09,0.17,0.94,0.68,0.87,1.55  1.75,1.09-99.90,66.6,,
2003,3,-0.07,0.96,-1.01,0.56,-0.36,1.24,-100.26,1.01-99.90,55,,
2003,4,-0.34,-0.54,1.58,0.34,-0.1,0.31,0.90-99.90,0.80-99.90,49.4,,
2003,5,0.06,1.73,0.03,-0.57,-1.85,-0.85,-100.57,0.04-99.90,49.1,,
2003,6,0.24,1.31,0.76,0.17,-0.53,1.79,-100.67,-100.3,66.5,,
2003,7,0.16,1.26,-1.94,-0.14,0.73,-0.23,1.01-99.90,-100.67,43.2,,
2003,8,-0.22,-0.16,-0.9,-1.46,-0.31,-1.58,-101.21,-1.22  0.62,51.2,,
2003,9,0.16,0.75,-2.17,-0.7,0.59,-1.04,-100.03,1.43  0.36,29.8,,
2003,10,-0.86,-1.89,-0.42,0.85,1.23,-0.58,-100.52,-100.79,54.2,,
2003,11,0.77,0.98,0.69,-0.11,-1.65,0.32,1.51-99.90,-100.59,74.6,,
2003,12,0.5,-0.49,0.8,-99.9,0.56,0.31,-1.97,0.67-99.90,66.9,,
2004,1,-0.85,-0.45,-1.58,0.66,-0.12,-0.35,-0.25  0.18,-100.13,33.1,,
2004,2,-0.6,0.32,0.6,-0.5,1.12,0.63,-0.35,-101.1,49.6,,
2004,3,0.67,1.21,0.13,-1.28,0,0.87,1.12-99.90,-101.03,61,,
2004,4,1.11,-0.34,0.49,1.23,0.25,0.9,1.04-99.90,-101.63,57.8,,
2004,5,0.23,-1.18,0.4,1.92,-1.46,-0.12,-101.43,-101.1,54,,
2004,6,-0.59,0.67,2.08,3.36,-0.28,-0.06,-101.16,0.14-99.90,56.8,,
2004,7,1.16,-0.23,0.34,1.19,-0.33,-0.28,-100.4,-101.5,19.5,,
2004,8,-0.74,0.05,-0.03,0.07,1.52,-1.22,0.55-99.90,1.48 -0.07,39.6,,
2004,9,0.52,0.09,0.26,-2.21,-0.11,-0.17,-100.11,-0.95,61.4,,
2004,10,-0.69,-0.6,0.89,-0.71,-1.37,-0.43,0.55-99.90,-100.39,47.3,,
2004,11,0.63,-1.45,0.65,-0.26,0.29,0.1,-100.87,0.43-99.90,62.1,,
2004,12,1.03,-1.19,0.2,-99.9,-0.04,0.24,0.13  1.11,0.02-99.90,53.2,,
2005,1,1.26,-1.77,-0.93,0.73,-0.62,0.08,-0.76,-101.08,53.2,,
2005,2,-0.51,-1.96,0.34,-0.29,-0.11,-0.65,0.74 -0.28,-100.41,53.3,,
2005,3,-2.32,0.95,-0.22,0.31,0.56,0.4,-100.59,0.80-99.90,73.3,,
2005,4,-0.47,1.54,-0.18,0.81,1,-0.02,0.17-99.90,0.38-99.90,57.7,,
2005,5,-1.11,1.03,-0.08,0.09,1.62,-1.3,-101.39,-100.27,59.4,,
2005,6,0.26,-1.6,0.79,1.43,0.42,0.36,-100.34,-101.06,44.1,,
2005,7,-0.48,0.92,-1.2,-1.11,-0.02,0.22,0.68-99.90,0.24-99.90,57.2,,
2005,8,0.35,0.56,0.35,-0.6,0.69,-1.6,0.00-99.90,0.37 -0.78,47.2,,
2005,9,0.76,1.44,0.57,-1.98,1.32,-0.91,-100.4,1.34 -0.04,70.6,,
2005,10,-0.55,0.57,1,-1.6,1.16,-0.88,0.48-99.90,0.31-99.90,56.5,,
2005,11,-0.46,-0.36,-1.84,0.35,-0.74,-1.14,0.49-99.90,0.25-99.90,42.3,,
2005,12,-0.5,-1.22,-2.04,-99.9,1.07,-0.71,0.94 -0.28,0.03-99.90,60.8,,
2006,1,0.97,-1.03,0.71,-1.07,-0.1,0.82,2.11 -0.77,-101.76,73.8,,
2006,2,-1.02,-0.59,2.06,0.57,-0.44,-0.61,0.12  1.29,0.54-99.90,77.9,,
2006,3,-1.75,-0.68,0.49,0.2,-0.56,1.52,-100.56,-100.8,47,,
2006,4,1.2,1.07,0.56,-1.57,0.2,-0.86,-100.01,-101.5,24.5,,
2006,5,-1.01,1.15,0.19,-0.31,-1.03,-0.93,0.13-99.90,0.07-99.90,32.4,,
2006,6,1.15,0.02,-1.15,-0.49,-1.02,-1.07,-100.01,-100.15,46.2,,
2006,7,0.93,0.83,-1,-0.46,1.29,1.01,-100.56,0.55-99.90,81.7,,
2006,8,-2.35,-0.52,-0.16,0.13,-1.45,-0.97,1.89-99.90,0.12 -0.13,52.6,,
2006,9,-1.43,1.82,0.05,0.47,0.31,0.41,0.45-99.90,1.73  0.19,55,,
2006,10,-1.92,0.66,0.67,0.97,-0.76,0.5,1.22-99.90,-100.4,71,,
2006,11,0.33,1.68,-1.84,-0.38,-1.34,-0.27,-100.35,-100.87,55.3,,
2006,12,1.15,1,1.18,-99.9,1.55,1.31,-0.04  0.33,0.54-99.90,82.8,,
2007,1,-0.25,1.51,1.81,-1.14,0.27,0,-2.33  1.20,-100.09,82.2,,
2007,2,-0.98,1.68,0.15,0.93,-0.42,0.74,0.54  0.71,-101.04,50.8,,
2007,3,1.11,0.21,-1.06,-1.27,-0.12,-0.02,0.53-99.90,-99.98,56.7,,
2007,4,0.04,-1.23,-1.61,-0.19,0.97,1.53,-101.22,-100.06,76.1,,
2007,5,0.66,1.01,-0.66,-0.67,0.03,0.03,0.42-99.90,0.01-99.90,48.8,,
2007,6,-1.01,0.55,-0.17,0,-0.3,0.11,1.05-99.90,-100.34,25.8,,
2007,7,-0.55,-0.03,-0.09,0.49,1.65,-0.3,-100.1,-100.52,46.6,,
2007,8,-0.31,0.07,0.02,-0.67,1.96,-1.7,-100.03,1.67 -1.02,41.4,,
2007,9,0.85,-0.52,1.2,-1.29,1.52,-0.77,-100.43,0.89 -0.49,56.2,,
2007,10,1,-0.33,0.4,-1.96,0.77,-1.07,-100.06,-100.71,41.2,,
2007,11,0.48,-2.07,-0.04,0.68,0.65,-0.5,-100.71,-100.55,59.9,,
2007,12,0.23,-0.12,0.37,-99.9,-0.16,0.28,0.43  0.96,-100.05,50.3,,
2008,1,0.53,-0.35,0.92,-1.25,-1.06,-0.64,0.46  0.16,-100.25,61.6,,
2008,2,0.38,0.47,0.01,-0.4,0.37,0.12,-0.21  0.75,0.26-99.90,46.4,,
2008,3,-0.32,0.16,-1.35,-1.62,-0.61,-0.47,-101.66,-99.97,59.8,,
2008,4,-1.31,0.88,0.28,-0.5,-1.18,-0.38,0.18-99.90,-100.45,31.7,,
2008,5,-1.55,-0.85,-0.66,0.21,1.25,0.71,0.53-99.90,0.07-99.90,49.3,,
2008,6,-1.09,0.85,-0.36,-1.13,-1.76,0.06,-100.05,0.37-99.90,45.9,,
2008,7,-1.24,0.85,0.02,-1.13,-0.51,0.53,1.33-99.90,-100.44,46.3,,
2008,8,-1.62,-0.08,-1.32,-0.36,0.89,-0.28,-100.18,0.77  2.46,25.4,,
2008,9,1.14,-0.3,-0.83,-0.11,0.89,-0.77,1.16-99.90,-0.31  0.55,45.6,,
2008,10,0.47,0.08,0.19,-1,1.11,-0.9,-100.87,1.37-99.90,59.2,,
2008,11,-0.47,-0.89,0.33,0.65,1.05,-1.28,-100.61,0.58-99.90,51.6,,
2008,12,-0.35,-1.44,1.01,-99.9,-1.71,-1.46,0.38  1.73,-100.38,68.1,,
2009,1,-0.52,1.13,0.01,-0.18,0.13,-1.33,0.06  1.96,0.57-99.90,58.3,,
2009,2,-0.38,-0.72,1.71,0.32,-1.57,-1.17,0.53  0.25,-99.98,61.2,,
2009,3,0.19,-1.34,0.22,-1.12,-1.29,0.18,-100.41,-100.61,60.8,,
2009,4,-0.36,0.26,0.02,0.49,-0.04,1.26,-100.02,1.50-99.90,42.8,,
2009,5,1.61,1.12,-0.67,1.31,-0.43,0.21,0.38-99.90,-100.49,62.3,,
2009,6,-0.91,-1.05,-1.74,-0.39,0.48,1.23,0.27-99.90,0.15-99.90,36.9,,
2009,7,-2.11,0.33,1.2,1.65,0.72,0.7,-101.03,-100.73,54.4,,
2009,8,-0.37,1.85,0.66,-1.39,0.62,-0.3,-100.11,-0.63,83.8,,
2009,9,1.62,0.59,-1.02,-1.02,1.03,-0.22,-100.7,0.46  2.32,63.7,,
2009,10,-0.61,0.96,-2.05,0.7,0.64,0.34,-100.64,-101.88,70.4,,
2009,11,-0.16,1.48,1.27,-1.62,0.19,-0.42,0.82-99.90,-100.46,62.9,,
2009,12,-1.88,0.93,-1.07,-99.9,0.04,-0.82,0.86 -0.65,-101.31,74.9,,
2010,1,-1.8,0.38,0.47,-0.58,0.96,-0.55,1.23 -1.33,0.16-99.90,58.2,,
2010,2,-2.69,1.25,0.23,-0.51,0.48,-1.02,1.04 -1.29,-101.78,82,,
2010,3,-1.33,1.23,1.83,-1.63,1.68,1.08,-100.3,-101.06,73.1,,
2010,4,-0.93,0.09,0.88,-1.21,1.26,-0.67,-100.23,-100.3,61.5,,
2010,5,-1.33,-1.39,-2.5,-0.15,-0.73,-2.05,0.47-99.90,-101.65,54.1,,
2010,6,-0.52,0.34,-0.08,1.5,-0.1,-1.91,-100.45,2.11-99.90,71.5,,
2010,7,-0.39,1.8,-2.38,-0.22,0.89,-1.42,0.79-99.90,1.45-99.90,69.5,,
2010,8,-1.69,1.17,0.41,-1.48,1.07,-0.77,-100.2,1.14 -1.20,50.8,,
2010,9,-0.62,0.55,0.05,-0.34,1.07,-1.08,0.50-99.90,0.05  0.59,47.9,,
2010,10,-0.5,-0.78,0.67,-0.58,2.15,-0.03,0.33-99.90,-100.96,54,,
2010,11,-1.84,0.24,-0.33,0.27,-0.81,-0.96,-99.98,1.17-99.90,55.2,,
2010,12,-1.8,-0.49,-1.26,-99.9,-2.08,-1.99,0.60 -2.87,0.49-99.90,84.7,,
2011,1,-1.53,-1.31,-1.37,-0.42,1,-0.38,-0.24  1.11,-100.3,64.4,,
2011,2,0.35,0.41,-0.13,-0.12,-2.41,0.58,0.30  0.79,0.12-99.90,58.9,,
2011,3,0.24,-0.77,-0.1,-0.03,0.38,0.08,-100.88,0.95-99.90,41.1,,
2011,4,2.55,-0.59,-1.93,-0.63,-1.78,1.23,-100.3,-100.23,61,,
2011,5,-0.01,-0.67,0.38,-1.18,0.25,-1.52,-100.98,-100.48,32.2,,
2011,6,-0.98,-0.22,0.81,-0.48,0.35,-0.33,-100.47,-100.95,36.8,,
2011,7,-1.48,0.41,-0.27,-2.23,-0.75,-0.79,2.48-99.90,-100.21,32.4,,
2011,8,-1.85,1.04,-0.51,-0.67,1.4,0.97,0.24-99.90,-0.29  1.04,39.2,,
2011,9,0.67,1.77,0.51,-0.53,-0.39,-0.29,-100.51,-1.13  2.31,60.3,,
2011,10,0.94,-0.28,1.06,-0.81,0.86,0.12,-100.17,0.30-99.90,46.5,,
2011,11,1.3,-0.09,0.39,-1.34,-0.76,2.08,0.62-99.90,-100.3,73.4,,
2011,12,2.25,0.11,-0.39,-99.9,0.06,-0.5,0.53  0.71,0.73-99.90,78.3,,
2012,1,0.86,-1.76,-1.58,-1.92,0.13,-0.46,0.57 -0.21,-102.24,74.6,,
2012,2,0.03,-1.73,1.01,-0.33,0.7,-0.64,0.34  0.36,0.19-99.90,62,,
2012,3,0.93,-0.64,0.82,-2.59,-0.19,1.35,-100.37,-101.32,60.5,,
2012,4,0.37,-0.28,-0.29,0.31,-0.09,-1.59,-100.83,-100.87,27.8,,
2012,5,-0.79,0.52,-1.66,-1.46,-0.29,-0.47,-100.48,-100.01,39.9,,
2012,6,-2.25,-0.11,-1.39,-0.95,-0.42,0.01,-101.32,-101.65,51.2,,
2012,7,-1.29,1.02,0.58,-1.01,-0.57,-1.43,-100.46,1.01-99.90,33.1,,
2012,8,-1.39,1.36,-0.07,0.63,-0.2,1.15,0.85-99.90,0.98  1.01,51.4,,
2012,9,-0.43,0.38,0.69,0.16,-0.39,-0.49,-100.83,-0.70  0.83,41.3,,
2012,10,-1.73,-0.32,-2.53,0.58,-1.13,-1.01,-100.18,-100.07,57.3,,
2012,11,-0.74,1.15,-2.02,0.12,-1.06,-0.59,0.68-99.90,-100.09,44.7,,
2012,12,0.07,0.68,-0.58,-99.9,-1.31,-0.88,2.00 -1.30,0.35-99.90,60.7,,
2013,1,-0.11,0.88,0.07,0.12,0.05,0.46,0.08  1.29,-101.76,52.1,,
2013,2,-0.96,0.14,1.49,-0.88,0.3,-1.28,1.00  0.87,0.34-99.90,75.5,,
2013,3,-2.09,-0.24,0.59,0.7,-0.26,2.31,-100.47,-101.8,78.8,,
2013,4,0.6,1.31,-1.86,1.24,-1.76,-0.4,-101,-101.54,53,,
2013,5,0.58,0.14,-1.13,-0.26,-0.24,-2.06,0.48-99.90,0.02-99.90,36.1,,
2013,6,0.83,0.66,-0.47,1.68,-0.35,-2.3,0.30-99.90,-99.91,58.4,,
2013,7,0.7,0.63,-0.88,0.93,-0.71,-0.17,-99.93,-100.2,33.1,,
2013,8,1.12,0.34,-0.17,-1.09,-0.06,-1.94,-100.72,-0.03  0.76,69.1,,
2013,9,0.38,-0.57,1.93,-1.44,0.41,-0.58,0.38-99.90,-1.59  0.85,61,,
2013,10,-0.88,1.39,-0.09,0.99,-0.21,0.63,0.67-99.90,0.75-99.90,78.6,,
2013,11,0.81,0.09,-0.04,1.16,-1.14,-0.88,-100.6,2.58-99.90,57.1,,
2013,12,0.79,1.2,-2.01,-99.9,-1.16,-0.36,-0.73  1.81,-100.73,84.9,,
2014,1,-0.17,1.37,0.54,1.11,0.59,-1.32,1.75  1.57,-100.69,70.5,,
2014,2,1.07,2.23,-1.37,0.31,-1.57,-1.93,1.10  0.27,-101.76,74.9,,
2014,3,0.44,0.92,-0.43,1.24,-0.5,-0.11,-100.37,0.04-99.90,54.6,,
2014,4,0.19,0.52,-1.36,0.05,0,1.23,-100.56,1.02-99.90,67.1,,
2014,5,-0.8,0.38,-0.85,0.77,-0.59,-1.45,-100.39,0.98-99.90,36.1,,
2014,6,-0.67,-1.03,-0.3,-0.69,-1.44,0.03,0.19-99.90,-99.91,38.1,,
2014,7,0.21,0.58,-1.63,0.33,0.5,-0.31,1.56-99.90,-100.83,49.5,,
2014,8,-2.28,0.75,-0.77,-1.03,1.35,-1.69,-100.49,1.57  0.96,55,,
2014,9,1.72,0.2,-1.23,0.2,0.78,0.47,1.14-99.90,1.10  0.93,67.6,,
2014,10,-0.87,1.02,-0.32,-0.66,1.14,-0.37,1.11-99.90,-100.93,49,,
2014,11,0.58,0.43,0.13,3.21,0.64,1.28,1.77-99.90,1.75-99.90,76.1,,
2014,12,1.63,-0.59,-0.13,-99.9,0.37,-0.44,-0.58,-100.83,48.4,,
2015,1,1.57,1.11,-0.22,1.27,0.14,-0.24,-0.18  0.38,-99.93,61.7,,
2015,2,1.05,-0.04,-1.37,1.18,0.49,-0.92,-0.37  0.66,2.09-99.90,68.5,,
2015,3,1.12,1.2,0.41,1.13,-0.52,0.27,0.39-99.90,0.68-99.90,57.2,,
2015,4,0.64,0.88,1.23,-0.35,-0.39,1.12,-101.39,-100.78,63.8,,
2015,5,0.19,0.71,2.14,0.49,-0.05,-1.5,-102.05,0.50-99.90,61.7,,
2015,6,0.24,1.06,-0.03,1.72,-0.07,-0.78,-101.42,-100.1,45.9,,
2015,7,-3.14,0.22,0.77,0.23,0.29,2.01,-101.01,0.39-99.90,64.7,,
2015,8,-1.1,1.08,-1.5,-0.28,0.05,-0.37,0.87-99.90,0.13 -1.24,45.8,,
2015,9,-0.49,0.15,-1.38,-1.38,-0.8,-1.67,1.09-99.90,-0.13  0.10,50.2,,
2015,10,0.99,0.22,-0.75,0.33,2.12,0.59,0.62-99.90,-100.37,71.4,,
2015,11,1.7,1.55,0.77,-0.94,-0.2,0.56,-100.3,-100.56,70.2,,
2015,12,1.99,3.14,0.56,-99.9,0.47,1.28,0.08  0.01,0.58-99.90,83.1,,
2016,1,-0.37,1.01,0.96,-0.35,1.94,-0.5,-0.93,-102.53,56.8,,
2016,2,1.35,1.85,1.61,0.23,1.68,-2.39,-0.54  0.18,-102.23,71.6,,
2016,3,0.37,0.71,-0.2,0.24,0.41,0.26,-100.13,-100.13,56.9,,
2016,4,0.26,0.97,-0.26,1.47,0.6,-0.5,-100.01,-101.49,47.8,,
2016,5,-0.67,0.22,0.62,0.14,-0.85,-1.99,1.05-99.90,-100.26,55.3,,
2016,6,-0.13,0.41,-0.62,1.26,-0.64,-1.85,-100.85,-100.97,61.8,,
2016,7,-1.72,1.82,-1.42,-0.36,0.53,-1.01,-100.6,-100.14,62.4,,
2016,8,-2.24,2.08,-0.37,-0.42,-0.91,-3.3,-100.34,2.43 -0.76,61.7,,
2016,9,0.74,3.48,-1.75,-1.41,0.11,0.13,-100.89,-1.31  1.04,73.5,,
2016,10,0.96,0.42,0.54,-0.84,1.53,-1.33,1.05-99.90,-102.84,60.9,,
2016,11,-0.31,-0.45,1.01,-1.43,1.44,-0.93,-99.96,-102.68,51.1,,
2016,12,0.35,0.87,0.97,-99.9,-0.65,1.52,-1.18  0.95,-101,86,,
