Region,UnitGroup,Unit,DeerRangeOld,DeerRange2001,60_64,65_69,70_74,1975,1976,1977,1978,1979,1980,1981,1982,1983,1984,1985,1986,1987,1988,1989,1990,1991,1992,1993,1994,1995,1996,1997,1998,1999,2000,2001,2002,2003,2004,2005,2006,2007,2008,2009,2010,2011,2012,2013,
NorthFor,A,1,206,161,1648,1648,1030,1442,4120,,2266,1648,1648,1442,824,,1318,,1133,,1009,,2019,,1071,824,2472,618,1236,1236,618,2060,783,1935,1726,1935,1452,2742,1290,1290,806,806,1790,1613,1290,1935,
NorthFor,A,1M,,32,,,,,,,,,,,,,,,,,,,,,,,,,,0,0,0,0,128,144,160,160,,,,,,,607,,160,
NorthFor,A,2,536,511,3752,3752,4288,4288,5360,,5360,5896,5360,5896,5896,,5360,,4878,,5521,,4342,,5360,3752,2144,5360,5360,4824,5896,4824,6378,5625,4142,6647,6647,7670,4602,6136,5113,5625,7261,6136,6647,5625,
NorthFor,A,3,550,555,2750,2200,2750,2200,3300,,3300,2200,2200,3300,3300,,1320,,0,,1320,,1320,,4180,1650,1650,2200,2750,2240,3920,3920,4704,3882,2718,4437,3882,4991,4991,3882,3328,3882,3716,2773,4437,3328,
NorthFor,A,4,337,349,2022,2022,1348,1011,2359,,2359,2359,1348,1685,1685,,1786,,1415,,674,,539,,2123,1685,1011,1348,1685,2359,2359,1685,1247,1743,2858,1743,2788,2788,2440,2440,1743,2091,2684,2440,1743,1743,
NorthFor,A,5,235,226,2585,2820,2585,3995,3760,,4230,3290,3760,2585,1880,,2585,,846,,2139,,1763,,3478,1645,705,3760,4230,3290,3995,3760,3901,3170,3012,2265,2265,,,,,,,,,0,
NorthFor,C,6,404,436,3232,1616,1616,2020,6868,,3636,2424,2828,2424,2828,,2101,,848,,2586,,2020,,2141,2020,3232,3232,3232,2424,2828,3636,3111,2614,4139,3921,3485,4357,4357,4357,3921,3485,3965,3485,3050,3050,
NorthFor,C,7,178,189,1246,712,712,1068,1246,,890,712,1246,712,890,,605,,374,,374,,890,,356,1602,534,712,890,810,1080,810,1863,757,436,568,189,568,379,189,568,379,360,379,0,379,
NorthFor,B,8,364,370,3276,3640,3640,4004,5460,,4004,5096,4368,4004,4004,,5424,,2839,,5496,,4186,,6807,2912,1456,4732,3276,4004,4368,6188,3895,4441,5145,4071,4441,4441,2961,5182,4071,6292,3738,4071,3331,4441,
NorthFor,B,9,433,438,4763,5196,6062,5629,8227,,7361,7794,6495,5629,6062,,3897,,3724,,5716,,3940,,8400,4330,1299,7794,6062,4763,6062,4330,6062,3944,5565,4820,5697,5259,7012,3944,5697,6135,5872,6573,5259,5259,
NorthFor,B,10,323,345,3230,3876,3876,3876,5814,,4845,3553,4199,4199,5168,,5168,,3715,,6945,,3101,,5330,2907,3230,5491,4522,5491,4845,4199,5782,6201,5719,5512,5857,5857,5512,4823,4823,4823,4444,4823,4134,5857,
NorthFor,B,11,317,341,3170,3170,3487,3804,5072,,3170,2536,5072,4121,3804,,4375,,1997,,3138,,3772,,5738,3170,3804,4121,3804,5072,4755,4755,4058,6477,5011,4432,5113,5454,6136,3068,5113,4432,3375,5795,5795,3409,
NorthFor,B,12,272,264,2448,1904,2176,1632,1632,,2720,2448,2992,3264,3536,,2258,,1142,,2122,,2965,,3210,2448,1360,3264,3264,2720,3536,3264,4842,3434,4148,3434,2113,2642,5812,2378,2906,3434,4465,2906,3170,3170,
NorthFor,C,13,661,715,5949,4627,3966,2644,4627,,4627,7271,5288,5288,3966,,3437,,2644,,4363,,4230,,7139,3966,2644,7271,7271,5736,5736,7170,6740,7146,8004,8576,8576,7146,6432,5717,5717,5717,4431,6432,6432,5002,
NorthFor,C,14,333,328,2664,2331,1332,1665,999,,1332,1998,1998,1998,1665,,1632,,1432,,2031,,2831,,2664,2331,1665,3330,2331,1998,1998,2331,2198,2954,3020,3939,3611,2954,1641,2298,1641,2954,2331,1970,3611,2626,
WestFrm,J,15,374,414,2618,2992,5610,6358,5984,,8976,8602,6732,4862,4862,,6134,,5984,,5049,,8116,,6021,4114,10098,5610,5610,9350,8602,6358,8265,6621,8441,7862,5793,7034,8690,7862,6207,6621,6207,8276,7448,5379,
WestFrm,J,16,281,335,1967,2248,2810,2810,5620,,4496,3372,4496,3091,2529,,5367,,6575,,3597,,5957,,4805,4131,5058,4496,6463,5620,5901,6463,5451,5360,6600,6031,6366,5696,4690,7036,4020,5696,6064,7371,5025,4355,
NorthFor,B,17,246,238,1230,1476,2214,984,2214,,2952,2952,3198,4182,4182,,3715,,2288,,1796,,2165,,2927,1722,1722,3198,3936,2214,2460,3936,3419,2619,4881,5715,3572,3334,3572,2857,1429,3810,2500,3572,5000,1667,
NorthFor,D,18,368,368,1472,1840,2576,2208,3312,,3680,3680,3680,3680,3680,,3901,,3422,,4600,,3790,,6403,4784,3312,5520,4784,2944,5152,5152,3901,4779,5147,5147,6617,5882,5882,4044,4779,5882,5514,5882,4779,3676,
NorthFor,D,19,393,403,4716,4716,3144,1965,3930,,3930,3144,3537,3930,3144,,3969,,1729,,4952,,4598,,6288,3930,3144,3930,5502,3537,3930,3537,3734,4428,5153,3623,3623,4026,3623,4428,4026,4428,2657,4428,4831,2818,
NorthFor,D,20,352,378,3168,2816,2112,2112,4576,,2816,2464,2464,3520,3168,,2570,,563,,2253,,4330,,4682,3168,2112,3520,4224,3168,3520,3520,2640,4912,3703,3400,4912,3023,4156,3778,4156,3778,4798,3778,3400,2645,
WestFrm,J,21,196,225,1764,2156,3332,2744,3136,,3136,4508,4508,5292,6468,,5370,,5998,,3469,,3371,,3469,3352,4508,4704,3136,4900,4508,2352,4528,3604,4303,3379,3830,4731,4731,5407,4055,3154,5001,4956,5857,4280,
WestFrm,J,22,306,349,1530,2142,3366,2754,2142,,2448,4896,4590,4896,4896,,6793,,5998,,1805,,4070,,4682,3366,6120,5202,6120,5508,5814,5814,6242,5590,4297,4542,6987,4192,5240,5590,6288,3843,5520,5590,6638,4542,
WestFrm,J,22A,322,353,1610,2254,3542,2898,2254,,2576,5152,4830,5152,5152,,7148,,4283,,3478,,7020,,7084,3220,5474,5796,6762,6762,5152,6118,4379,5647,5012,4941,4235,6353,5647,4235,4941,5294,4976,6706,4588,5294,
WestFrm,J,23,390,403,1560,2340,2340,2340,3120,,4680,3120,5070,3900,3510,,4992,,5148,,5733,,5538,,7605,3900,5850,6240,8190,6630,7020,6630,5616,5637,4429,5637,6442,6040,4429,5637,6845,5637,6563,7650,5637,5234,
NorthFor,D,24,245,278,1715,980,1715,980,735,,1470,2940,2450,2205,1960,,1274,,2279,,2009,,3112,,2279,2205,2205,2695,2940,2450,2450,3675,2328,2225,3004,2781,2781,4450,4450,3059,2781,3337,4283,4172,4172,2225,
NorthFor,D,25,447,437,4023,4917,4470,3129,5364,,4917,4470,4023,4023,4470,,4962,,4872,,3800,,3665,,5766,4023,4470,4917,4023,4470,5364,4917,5766,4365,3842,4802,4802,7858,5675,6112,4802,5675,5500,6548,6112,5238,
NorthFor,D,26,357,391,2142,2142,2499,2142,4641,,3570,4641,3927,4998,4284,,5355,,3427,,4820,,6212,,5891,3570,2856,6426,4284,4998,5355,3927,4820,5864,4456,6254,4691,3909,5082,5473,3518,3909,3362,6254,5082,5082,
EastFrm,K,27,216,248,1080,648,1080,432,648,,1728,864,648,1080,1296,,1253,,3132,,2808,,2981,,3478,2160,3240,2808,4320,3672,2808,3672,3888,3724,2731,2731,2979,4469,5462,2731,3972,3476,4642,3972,4469,2979,
NorthFor,C,28,615,656,2460,1845,1845,615,1230,,3075,2460,1845,4305,3690,,1968,,861,,1784,,2276,,3321,2460,3075,4920,5535,2460,4305,3075,3444,4590,4263,5246,5246,3935,5902,3935,3279,5246,4787,3935,3279,3935,
NorthFor,C,29A,257,239,2313,1285,1285,771,1542,,1799,1285,2056,1542,1285,,1157,,848,,1568,,1362,,2005,1799,1542,2056,2056,2570,2056,2313,1568,2155,2730,2395,2395,2155,2874,1437,1437,2874,2682,1916,2395,1676,
NorthFor,C,29B,124,233,1116,620,620,372,744,,868,620,992,744,620,,360,,347,,620,,248,,1066,744,124,372,372,606,808,1212,929,1167,1283,1634,2100,933,1867,1400,1167,933,1423,1634,933,933,
NorthFor,D,30,315,315,3465,3150,2205,1890,4095,,3150,3150,2520,1575,2520,,2898,,1701,,2930,,3528,,3213,2520,315,1890,3150,2520,1575,2835,4064,3146,2297,2831,3775,2831,3775,3775,3146,2202,3366,2517,1888,2831,
NorthFor,D,31,402,414,4824,6030,4824,3618,5628,,6030,6834,6834,6834,4422,,3980,,2573,,6271,,5950,,6553,4422,1608,4422,4020,5628,5628,5226,5789,5794,5131,4138,4552,7035,4552,4966,4966,3311,5504,4966,4138,4138,
NorthFor,D,32,499,487,3992,5489,4990,4491,7485,,5988,5988,7485,5988,6986,,6587,,6587,,7285,,6637,,8034,3992,3493,4990,3992,5988,5489,4990,7934,6819,5017,6332,6332,6819,6819,6332,6332,4871,6429,5358,6332,6332,
EastFrm,K,33,258,276,774,1032,1548,1290,516,,2064,2322,1806,2838,2580,,3328,,3148,,4154,,5263,,3612,3612,5676,5160,2838,3870,4386,4644,3741,4419,3287,4695,2762,4419,4143,4419,4695,4143,2127,3314,3590,3038,
NorthFor,E,34,236,262,1888,2596,1888,1652,2832,,1180,2124,1416,3540,1888,,920,,850,,2124,,2171,,3870,1652,2596,2596,2360,2832,3304,2596,3422,2622,2569,2622,2360,2360,3670,1573,1835,3146,2150,1835,1311,1573,
NorthFor,E,35,372,409,4464,4092,5580,3720,4836,,6324,5952,5208,4092,4464,,5357,,3422,,6733,,7700,,8296,4464,5952,7068,5952,7440,8556,6696,8593,7776,8021,6548,5320,4502,7367,6548,7776,6139,6180,2865,6957,4502,
NorthFor,E,36,233,274,4893,5825,6291,4893,7223,,7223,5825,6058,4893,3728,,3472,,2866,,5056,,5126,,7340,4427,3961,6524,6524,5126,5825,6757,6384,6848,4711,6574,6300,6300,5478,4931,6026,4931,4629,5478,4657,3287,
NorthFor,E,37,215,235,3225,3870,3655,3440,5160,,5805,4085,4085,7095,6235,,5440,,2000,,4365,,3913,,6536,4085,1720,5590,4515,4945,4515,6235,4988,4230,4582,4700,4230,4230,3995,3290,3760,2115,6227,3525,3055,4465,
NorthFor,F,38,365,388,2920,2555,3285,1460,3285,,2920,5110,2555,4380,3285,,3979,,2555,,3249,,2701,,4672,4745,6205,5840,4745,7665,4380,4015,4672,4658,2989,2329,4270,3494,5435,2329,4270,5435,3882,3494,3494,3494,
NorthFor,G,39,383,411,3830,3447,3830,1532,3064,,4213,4213,4596,4596,4213,,4864,,4290,,6626,,5822,,8005,4213,7660,6128,6128,4596,4213,5745,6090,4519,4314,4108,5341,5341,4930,6573,3287,2876,5341,3287,3697,4519,
NorthFor,G,40,331,328,2979,3641,2979,1986,2979,,2648,3310,2317,6289,5627,,4303,,4270,,7745,,4733,,5329,4303,7944,7282,9599,5627,4634,7613,5131,5902,7017,5574,8198,3607,5247,5902,4591,4919,4263,5247,3935,5574,
NorthFor,H,41,201,195,2412,3216,4020,2814,4221,,5829,5226,5025,3015,4221,,3598,,3417,,2693,,5146,,6553,4020,4221,5427,5427,5829,5427,5628,5146,5840,5431,5645,4672,4088,5645,2725,5450,5645,3562,3504,4672,4088,
NorthFor,F,42,310,327,3100,3410,3410,4030,5580,,4960,4340,5270,6510,6820,,4867,,3720,,4154,,5673,,4557,3720,4650,3410,5890,5270,4650,4960,3131,4906,3859,5560,5560,3925,5560,2943,4252,4252,4284,5560,3271,3598,
NorthFor,F,43,429,408,2574,3432,3432,2574,3003,,5577,4719,4719,6435,5577,,5277,,4848,,5706,,5405,,3604,5148,5577,6864,5148,6435,6864,6864,5620,6123,5429,4490,5715,4898,4490,4490,6123,5306,3919,3265,3674,6123,
NorthFor,F,44,445,466,5785,5340,5340,3560,4450,,6675,6675,7565,8900,8010,,9034,,6586,,7076,,8500,,7610,6675,7565,8455,9790,8900,8010,7565,10280,6991,7737,6991,6525,5127,5593,8389,8389,6991,6059,5127,6991,6991,
NorthFor,H,45,584,593,8176,9928,7008,4088,6424,,11096,9344,11680,11680,15184,,13607,,9110,,13490,,15009,,16060,9928,12264,14600,16352,13432,9928,12848,12147,12445,10312,12445,10668,10075,7112,10668,8297,10668,8178,8890,5926,10668,
EastFrm,K,46,317,321,3170,3804,5072,5072,6974,,6657,6340,6023,5706,6657,,5991,,4850,,6499,,8242,,3994,5072,6340,4755,6023,7291,5706,6023,6086,5453,5421,4811,4811,6094,5453,4811,5773,5132,7120,4811,4490,4170,
EastFrm,K,47,266,269,1862,2660,2660,3458,2926,,3724,3458,5054,4522,3724,,4788,,6570,,4043,,4043,,6012,3724,7980,7448,4788,7980,4256,5852,5001,4300,4435,7257,7526,6182,6451,3494,6720,5644,5161,6451,5376,5107,
EastFrm,K,48,,356,,,,,,,,,,,,,,,,,,,,,,,,,,0,0,0,0,,,,,,,,,,,,,,
NorthFor,H,49A,244,235,6832,7076,9272,5856,9516,,9760,12200,12932,9028,10736,,8223,,4319,,8564,,8516,,10150,5124,3416,7320,5368,9028,7320,8540,9833,6579,8600,5640,10574,4465,8224,5875,5170,7284,5170,5875,4700,4230,
NorthFor,H,49B,195,182,5460,5655,7410,4680,7605,,7800,9750,10335,7215,8580,,6572,,3452,,6845,,6903,,6942,5070,4095,6630,6045,7215,7800,4875,4680,5284,4591,5830,4737,4008,4373,4008,5830,3462,3917,4191,3280,4008,
NorthFor,G,50,336,334,4032,3024,4032,1680,2016,,3696,5040,5712,3024,4032,,3662,,4570,,4939,,5813,,9878,4704,12432,6720,8736,6720,6720,6048,6384,7350,7584,7350,8352,5679,6013,4677,6682,6013,6047,4677,5345,5679,
EastFrm,K,51A,190,220,2090,1900,3230,2660,4180,,4180,3420,4180,5130,5130,,4142,,5947,,6422,,5415,,4275,4750,6270,5890,4750,7600,5510,4750,4370,5287,5596,5728,3966,3525,5508,5728,5728,5948,5177,4847,2644,2864,
EastFrm,K,51B,431,389,4741,4310,7327,6034,9482,,9482,7758,9482,11637,11637,,9396,,13490,,14568,,8663,,10689,11637,12068,8620,4741,12068,9913,9913,8749,8567,8879,8178,4673,8178,7009,10514,9346,8567,10709,9735,8567,9735,
NorthFor,F,52,311,304,4043,5598,4976,2799,4354,,9019,5909,4976,6531,5909,,5878,,4572,,6842,,7029,,6811,2799,4665,4665,4043,4976,5287,5287,4043,5161,4159,3036,2732,4857,5464,3946,5161,3946,3916,4857,4250,3643,
CentFor,L,53,439,461,8341,12731,16682,17560,18438,,17121,15804,14487,13609,13170,,15102,,10273,,13258,,13916,,10799,16243,13170,14048,13609,12731,13170,13170,12775,11991,12314,13836,12452,12452,9224,8763,9224,11530,11207,10146,7840,8763,
CentFor,L,54A,455,484,7735,10920,12740,10920,12285,,12285,13195,14105,13650,13195,,12968,,10010,,10647,,10693,,12149,13650,9100,15925,15015,12740,12740,11830,12786,13560,11913,10654,12107,11138,12107,12107,9686,14528,11042,12107,10170,8717,
SouthFrm,M,54B,315,389,5355,7560,7875,7560,10710,,10710,8190,7245,10710,10395,,9860,,10143,,6899,,3780,,6962,7245,9135,6615,5670,8505,10710,11655,6552,8556,7584,8167,5056,12057,6612,13612,12445,20613,11551,13612,13612,13223,
SouthFrm,N,54C,81,95,1377,1944,2025,1944,2754,,2754,2106,1863,2754,2673,,2535,,2284,,2244,,2568,,2673,3483,2592,2187,1620,2268,3321,2673,2025,1894,2283,1515,2462,2462,1705,2368,1610,2462,2131,1610,2652,1989,
CentFor,L,55,600,631,16200,18000,20400,19200,24000,,26400,23400,24000,21600,19800,,18180,,19440,,19860,,15660,,15780,19200,18600,16800,14400,16200,15600,15000,12300,13884,11612,15147,12622,11360,11360,10098,9467,12622,10666,10098,11991,8204,
CentFor,L,56,328,335,6560,9512,9184,10168,14760,,12792,9512,11808,9840,10168,,7741,,7413,,10758,,6232,,8954,6560,5248,6888,8200,8200,7216,7216,5937,6709,6005,5032,6038,6709,5703,5703,5032,4696,3220,5032,3019,5032,
EastFrm,K,57,171,146,1197,2394,2651,2052,3335,,3506,3335,2993,3249,3677,,3591,,4001,,2924,,3523,,1744,2223,2394,2736,1881,2907,2565,1539,3266,2475,1849,2475,2330,2330,2767,4077,3203,3349,2665,2039,2184,2621,
EastFrm,K,57A,230,238,1610,3220,3910,2990,5290,,3910,4140,3910,5520,5750,,4945,,4853,,6279,,6900,,5750,7590,5060,4370,4370,6670,5520,4600,5290,4988,3848,4988,4750,4038,4513,5463,4513,4988,4798,4750,4513,4038,
EastFrm,K,57B,224,252,1568,3136,3136,2464,3584,,5376,4704,4032,3136,4032,,4592,,6272,,4032,,4861,,5869,5152,5152,2016,5600,6496,4704,5152,5466,2768,3574,3775,4782,4027,6040,6040,4027,5537,4631,4530,4782,4027,
EastFrm,K,57C,212,266,1484,2968,5724,3816,5300,,5936,5512,4876,4664,4240,,5215,,6000,,2586,,4876,,2947,6572,6148,3604,4664,6572,6148,6148,5300,4791,4152,4259,5057,3460,5057,4791,3993,4525,4285,4259,5324,5324,
CentFor,L,58,464,506,6960,7888,8816,9280,9744,,12528,12528,13456,12064,10208,,12435,,13688,,14245,,14198,,12714,8816,14384,10672,11600,12064,10672,11600,12621,14682,9315,11138,10632,10125,11138,11138,9619,9113,13366,10632,12150,7088,
WestFrm,M,59A,455,520,3185,4095,2275,1365,2275,,2275,2730,4550,5005,3640,,5187,,7417,,8190,,7690,,6552,3640,5915,7280,6370,8190,6825,5915,7189,7806,6036,6765,7285,6765,6765,9887,5724,6244,7649,6765,8846,6244,
WestFrm,M,59B,581,687,4067,5229,8715,2905,6972,,6972,11620,8715,9877,9877,,12550,,8308,,3370,,6623,,9064,6391,14525,11039,11620,12201,12201,9877,7146,7553,8171,8239,8239,8926,5493,8239,6866,9612,8720,7553,10299,8926,
WestFrm,M,59C,493,626,3451,4437,13311,12325,15283,,17748,15776,20706,24650,23171,,17304,,8282,,12572,,14445,,15628,14297,25636,19227,17255,19227,15776,14790,12769,13778,11336,12526,10647,11899,15657,11899,12526,14404,12839,15031,13152,11899,
WestFrm,M,59D,386,384,2702,3474,5018,1930,5404,,6562,9264,7334,3474,5404,,2239,,1930,,9148,,7836,,1351,6176,4246,6562,6948,6176,4632,6948,7643,6143,6450,7679,4991,7295,4991,8063,5375,6527,6949,6527,5759,7295,
WestFrm,M,59M,20,44,,,,,,,,,,,,,,,,,,,,,,,,,480,220,480,840,468,1175,144,174,1001,218,653,1132,609,653,353,218,1001,0,
WestFrm,J,60,153,,1071,1836,2601,765,2448,,2601,3213,3519,3825,3213,,4116,,2280,,2020,,2570,,2264,612,5355,3825,,0,0,0,0,,,,,,,,,,,,,0,
WestFrm,M,60A,178,170,,,,,,,,,,,,,,,285,,338,,409,,3471,178,3560,3382,2314,2314,2492,3204,2492,3565,2716,2207,2207,2716,2886,3395,2716,2546,4804,4074,4074,2207,
WestFrm,J,60B,83,83,,,,,,,,,,,,,,,,,,,,,,,,,1660,2324,996,2158,1087,1242,1995,1738,828,1821,2815,2318,1656,2897,1954,1573,993,1490,
WestFrm,J,60M,70,80,,,,,,,,,,,,,,,,,,,,,,,,,1470,980,980,1120,1400,559,1717,799,1357,639,1517,1357,719,1278,1246,1437,639,1278,
WestFrm,M,61,778,958,10892,10114,14782,8558,16338,,21006,18672,21006,14782,18672,,18983,,13848,,10970,,9803,,3034,10114,4668,13226,14004,5446,10114,11670,12292,14375,15046,14375,13417,17250,12459,15334,14375,13417,11404,12459,13417,13417,
EastFrm,K,62A,394,402,5122,7486,9456,6698,12214,,10244,11426,12214,11426,11426,,14499,,11150,,8313,,13514,,7998,18124,11032,13002,11032,11032,11426,8274,13081,8852,8168,7243,10864,9657,11266,9657,9255,6438,8892,9255,10462,7645,
EastFrm,K,62B,354,363,4602,6726,11682,10974,14868,,12744,12744,12744,15222,15576,,15930,,8284,,12107,,7045,,14302,8496,16992,11682,14514,6018,12036,9912,10443,13806,10464,12353,14533,12716,16349,12353,15623,11263,13552,12716,13443,13080,
EastFrm,K,63A,295,339,2655,5015,8850,10620,12980,,11800,9145,9440,9440,10325,,11417,,2862,,8644,,7965,,12302,2360,10915,8850,5900,13275,9440,7375,12331,10856,9024,11874,8821,11196,12553,10178,11196,8821,9805,8821,10856,8821,
EastFrm,K,63B,252,252,2268,4284,6804,3780,5796,,6804,7560,8064,7308,6048,,5141,,8240,,4133,,4234,,4284,3276,8064,5544,8064,3528,7056,6048,8896,8057,5715,7805,5287,7050,7050,6798,9315,7050,6395,8308,3777,8057,
EastFrm,K,64,328,243,3280,6232,7544,6232,8856,,8856,6888,7872,8856,7872,,7380,,9610,,2919,,7577,,6691,5248,9184,9512,9512,11808,12464,12136,11710,9728,7028,9728,7782,9728,10457,8755,7782,8998,9266,8025,9728,9484,
EastFrm,K,64M,109,81,,,,,,,,,,,,,,,,,,,,,,,,,1853,2180,2943,1526,1090,1378,1573,2189,1540,1864,2189,1864,1378,1621,1070,973,1864,2432,
EastFrm,K,65A,177,172,3540,6018,6195,5133,7080,,6549,7611,6726,6195,5310,,6567,,6000,,3257,,4602,,6549,7080,7080,4071,6195,5487,4425,5664,8266,4818,5868,5507,5851,4818,4990,5162,5507,7744,4801,3786,3442,5334,
EastFrm,K,65B,322,347,6440,10948,11270,9338,12880,,11914,13846,12236,11270,9660,,11946,,7148,,13460,,8533,,14844,11914,16100,9982,15134,15456,12558,11914,11528,10411,9578,10758,10064,11105,13187,9717,11452,8328,8190,12840,10411,8676,
EastFrm,K,66,163,172,4564,7498,7335,4727,6031,,6031,5868,6683,6846,6520,,5395,,3994,,4711,,4727,,5738,4075,7498,2119,4075,5216,4890,5705,4988,5155,5000,4296,6357,3265,7388,5670,5670,5670,3024,4639,4639,3952,
SouthFrm,N,67A,334,354,11690,13694,15698,15364,19372,,19706,23046,13360,12692,9686,,15097,,13995,,10321,,8517,,15097,18036,14696,13360,12692,11690,8350,12692,10588,9905,9445,8844,11320,9198,9551,11674,8490,7783,8349,10966,14150,9198,
SouthFrm,N,67B,187,188,6545,7667,8789,8602,10846,,11033,12903,7480,7106,5423,,6377,,8004,,4151,,5143,,7349,10285,6358,5610,5236,5236,6171,4862,6713,6769,4287,3572,6205,6769,5265,5453,5829,6957,3742,5265,4701,5265,
SouthFrm,N,68A,105,130,1680,2310,2730,2310,2940,,2625,2835,1890,3780,3885,,4694,,4116,,557,,1008,,4274,5355,3150,3885,2835,3255,3465,3780,4368,4291,3719,5201,2991,4811,3641,4551,5981,4681,4447,2601,5461,2601,
SouthFrm,N,68B,106,183,1696,2332,2756,2332,2968,,2650,2862,1908,3816,3922,,4738,,4155,,562,,1018,,2533,8374,2226,3180,3710,3604,3392,4346,4367,4746,3431,3285,4015,5111,4380,4563,3833,3833,5676,4380,5841,4380,
SouthFrm,N,69,,391,,,,,,,,,,,,,,,,,,,,,,,,,,0,0,0,0,10545,8592,10155,8983,8592,9764,11326,11326,10545,11014,10155,11717,11326,
SouthFrm,N,69A,305,,3660,10675,7320,4880,6100,,6405,7320,7320,9150,7015,,6924,,7351,,7107,,5795,,5338,7015,7320,13725,12810,11895,10980,12505,10614,,,,,,,,,,,,,,
SouthFrm,N,69B,158,,1896,5530,3792,2528,3160,,3318,3792,3792,4740,3634,,3587,,3808,,3681,,3002,,2275,1896,4582,3160,3476,4108,3318,3002,2955,,,,,,,,,,,,,,
SouthFrm,M,70,237,273,1659,3555,3318,3318,6162,,6873,7110,6636,7347,7110,,8532,,9433,,10096,,5949,,6423,6873,8532,5688,5451,4266,6636,9006,5309,6829,4452,5190,4097,3005,6009,4370,4370,5190,7484,4097,5190,4097,
SouthFrm,M,70A,204,219,1428,3060,2856,2856,5304,,5916,6120,5712,6324,6120,,7772,,6283,,9976,,2428,,6406,6324,7140,7752,6528,7140,5100,6120,3733,5466,1705,2623,3498,3279,2186,2186,3935,3717,4985,5028,2842,3498,
SouthFrm,N,70B,201,212,1407,3015,5427,6432,5628,,5025,7638,6633,7437,6633,,10110,,8040,,3940,,2714,,5608,10452,5226,5025,4020,5427,5628,3618,4060,4023,3282,4023,4235,6140,4023,3388,1482,2964,5336,3176,6352,3176,
SouthFrm,N,70E,69,69,483,1035,1863,2208,1932,,1725,3243,5382,3933,4209,,2415,,2429,,1684,,1214,,2808,3312,1794,1380,1173,966,1587,3243,1559,2071,1036,2624,345,1864,898,828,1312,1795,1602,414,1243,1105,
SouthFrm,N,70G,120,122,840,1800,3240,3840,3360,,3000,4560,3960,4440,3960,,6036,,4800,,2352,,132,,3876,8280,6480,4680,2280,4320,3960,5520,3900,4018,3713,3287,3774,2313,4140,5601,2679,4261,3555,4018,4018,2800,
SouthFrm,M,71,539,626,3773,3234,5929,5390,11858,,8624,8624,8085,8085,10780,,11481,,16278,,10187,,8247,,9864,11427,15631,12936,10241,12936,11319,11319,11211,11886,8758,8133,6881,7507,8133,8133,6881,9384,10134,10635,10635,10009,
SouthFrm,M,72,446,504,2230,3122,6244,4014,8920,,7582,9812,8920,10258,11596,,12934,,11908,,7181,,9321,,9634,12488,15610,13380,11596,13826,11150,10704,10927,11086,8566,8062,8062,11086,8566,12598,9070,8062,10834,10582,11086,10582,
SouthFrm,M,73,249,,2988,2988,2988,1992,2739,,2739,3735,4233,3735,3984,,6524,,3710,,7395,,1892,,4407,4283,3735,5229,6723,5229,4731,0,0,0,0,0,0,0,0,0,0,0,0,,,,Boundaries of unit 73 and 73C were changed creating 73D and 73E
SouthFrm,M,73B,204,239,2448,2448,2448,1632,2244,,2244,3060,3468,3060,3264,,5345,,3713,,4712,,2305,,3611,2693,3876,4692,4080,5508,4488,5916,5916,4774,3294,4058,2148,4774,4535,6206,5968,6922,8259,6206,4774,5013,
SouthFrm,M,73C,171,,2052,2052,2052,1368,1881,,1881,2565,2907,2565,2736,,4480,,4275,,5489,,2839,,2941,3745,5814,5472,3420,5814,3591,0,0,0,0,0,0,,,,,,,,,,Boundaries of unit 73 and 73C were changed creating 73D and 73E
SouthFrm,M,73D,157,158,,,,,,,,,,,,,,,,,,,,,,,,,,0,0,3140,1711,3487,2013,1585,3328,2060,1109,1585,2060,3645,2853,2377,3328,1268,Boundaries of unit 73 and 73C were changed creating 73D and 73E
SouthFrm,M,73E,275,277,,,,,,,,,,,,,,,,,,,,,,,,,,0,0,6600,4043,4434,4157,3048,2771,1663,2771,2771,6097,2494,2660,3603,4157,4157,Boundaries of unit 73 and 73C were changed creating 73D and 73E
SouthFrm,M,74A,148,200,740,1628,1776,888,1480,,1924,1924,2220,1036,1924,,1539,,3744,,1465,,1140,,533,2812,1480,1480,3108,1332,2960,3552,3582,2801,3001,4001,3801,3001,3201,3001,2001,2201,3021,3801,2801,3201,
SouthFrm,M,74B,373,432,1865,4103,4849,2984,5222,,7087,4849,6341,7087,7460,,5744,,6005,,6266,,4178,,2275,3730,3357,4103,4103,4103,3730,6341,5147,5610,5567,3884,5179,7768,6905,5610,4316,7337,6387,4747,6042,6042,
SouthFrm,M,75,215,,860,1505,3225,2365,3010,,3655,3655,4515,4515,4730,,4343,,4859,,7740,,3247,,4945,4515,5805,6880,4730,4300,4730,0,0,0,0,0,0,,,,,,,,,,Unit 75 was split into 75C and 75D
SouthFrm,M,75A,259,146,1036,1813,3885,2849,3626,,4403,4403,5439,5439,5698,,5232,,3704,,4817,,2694,,4144,2590,5180,5180,4921,4144,4921,4921,3419,5087,3004,2180,4118,3504,2774,2774,5402,3650,4088,3066,4818,2628,
SouthFrm,M,75C,118,124,,,,,,,,,,,,,,,,,,,,,,,,,,0,0,1888,3587,2728,1426,992,2480,1240,1736,1612,992,1116,1960,1984,2852,2976,
SouthFrm,M,75D,97,112,,,,,,,,,,,,,,,,,,,,,,,,,,0,0,2716,2027,2473,2012,2698,2473,1911,1911,2473,1911,3260,2327,3035,2024,2586,
SouthFrm,N,76,280,320,2800,4200,10360,5600,13720,,12040,7560,6440,8400,8680,,9128,,3332,,4480,,2016,,924,4760,4760,5040,4760,5320,3920,3920,4200,4714,1728,2694,2245,3840,3520,2560,3840,3520,4640,2880,4800,4480,
SouthFrm,N,76A,271,305,2710,4065,10027,5420,13279,,11653,7317,6233,8130,8401,,8835,,4282,,6504,,5420,,6287,8401,4878,8672,7317,7046,6233,7317,8726,6705,5852,6705,5486,6705,5486,6400,7924,5181,6949,7924,8229,6400,
SouthFrm,N,76M,56,78,,,,,,,,,,,,,,,,,,,,,666,1400,1064,1512,1064,728,504,840,314,861,430,783,157,391,861,1017,470,1174,712,235,391,1017,
SouthFrm,N,77A,178,123,890,1958,3026,2492,2136,,3560,3204,3382,3204,3026,,3667,,1139,,2812,,1620,,2545,6942,3382,4272,2848,2492,3204,2848,1869,2828,2434,1598,1598,2213,2090,1598,1721,3566,2828,1967,2828,2090,
SouthFrm,N,77B,127,216,635,1397,1651,889,1524,,1016,1905,2286,2413,1778,,3315,,1448,,610,,1372,,3340,1524,2794,3556,1905,889,1270,2667,2654,2160,1577,1944,2592,2160,1296,648,1944,2592,1598,1080,648,1728,
SouthFrm,N,77C,275,322,1375,3025,4125,2888,3300,,3850,4538,5088,5088,4263,,6421,,5720,,4923,,4455,,3878,3575,5225,4950,5775,4125,3300,3575,5308,3542,2576,3864,5475,7407,7407,5797,6763,5797,6730,5475,7729,6763,
SouthFrm,N,77M,174,312,,,,,,,,,,,,,,,,,,,,,400,870,1218,348,348,696,522,174,940,2181,1869,1869,2492,2181,1869,2181,2804,1869,3925,2492,2181,2492,
NorthFor,A,78,22,22,,,,,,,,,,,,,209,,,,449,,271,,400,176,,,,0,0,0,779,0,0,,,,,,,,,,,,
EastFrm,K,80A,162,152,,,2592,1620,2754,,2592,3240,2916,4050,3888,,4390,,1426,,729,,2122,,3208,972,2916,2754,2106,486,1458,1782,2333,2128,1718,2128,1824,2737,1976,2432,1672,1824,1961,1672,1368,2280,
EastFrm,K,80B,260,194,,,4160,2600,4420,,4160,5200,4680,6500,6240,,7046,,2288,,1170,,3406,,5616,3380,7280,5980,4420,8060,7800,7800,6552,6986,6734,5822,6986,5822,6598,6404,6404,7568,7122,5046,7762,6404,
EastFrm,K,81,21,18,,,567,714,714,,231,210,672,105,567,,330,,571,,225,,134,,1069,294,0,0,0,0,0,0,468,0,0,,,,,,,,,,,,
